corr,p_value,significant,correlation of,repo,Methods considered
0.16,1.26E-175,yes,avgSLOC_with_bugs,ant,all
0.01,0.2221380945,no,avgSLOC_with_bugs,antlr4,all
0.08,2.36E-65,yes,avgSLOC_with_bugs,assertj-core,all
0.08,1.62E-11,yes,avgSLOC_with_bugs,astyanax,all
0.29,8.81E-153,yes,avgSLOC_with_bugs,atmosphere,all
0.2,9.08E-172,yes,avgSLOC_with_bugs,checkstyle,all
0.08,6.76E-09,yes,avgSLOC_with_bugs,commons-io,all
0.12,5.28E-59,yes,avgSLOC_with_bugs,commons-lang,all
0.18,1.55E-66,yes,avgSLOC_with_bugs,cucumber-jvm,all
0.12,4.60E-212,yes,avgSLOC_with_bugs,docx4j,all
0.22,0,yes,avgSLOC_with_bugs,drill,all
0.26,0,yes,avgSLOC_with_bugs,DSpace,all
0.3,1.51E-127,yes,avgSLOC_with_bugs,Essentials,all
0.19,1.31E-177,yes,avgSLOC_with_bugs,fastjson,all
0.2,0,yes,avgSLOC_with_bugs,flink,all
0.11,2.27E-21,yes,avgSLOC_with_bugs,flyway,all
0.13,1.52E-17,yes,avgSLOC_with_bugs,gson,all
0.22,0,yes,avgSLOC_with_bugs,guava,all
0.1,4.21E-13,yes,avgSLOC_with_bugs,hawtio,all
0.25,5.77E-57,yes,avgSLOC_with_bugs,hector,all
0.14,0,yes,avgSLOC_with_bugs,hibernate-orm,all
0.15,6.89E-118,yes,avgSLOC_with_bugs,hibernate-search,all
0.24,1.97E-84,yes,avgSLOC_with_bugs,Hystrix,all
0.11,2.77E-64,yes,avgSLOC_with_bugs,javaparser,all
0.3,0,yes,avgSLOC_with_bugs,jetty.project,all
0,0.5066555528,no,avgSLOC_with_bugs,jgit,all
0.18,3.43E-49,yes,avgSLOC_with_bugs,jna,all
0.11,1.11E-18,yes,avgSLOC_with_bugs,junit4,all
0.16,1.88E-58,yes,avgSLOC_with_bugs,junit5,all
0.15,2.56E-89,yes,avgSLOC_with_bugs,logging-log4j2,all
0.16,2.37E-47,yes,avgSLOC_with_bugs,lombok,all
0.1,4.22E-27,yes,avgSLOC_with_bugs,mockito,all
0.14,6.49E-102,yes,avgSLOC_with_bugs,mongo-java-driver,all
0.25,1.21E-148,yes,avgSLOC_with_bugs,mybatis-3,all
0.28,0,yes,avgSLOC_with_bugs,netty,all
0.28,1.80E-128,yes,avgSLOC_with_bugs,okhttp,all
0.14,2.67E-115,yes,avgSLOC_with_bugs,openmrs-core,all
0.21,0,yes,avgSLOC_with_bugs,pmd,all
0.09,2.25E-11,yes,avgSLOC_with_bugs,rabbitmq-java-client,all
0.18,4.23E-237,yes,avgSLOC_with_bugs,RxJava,all
0.16,0,yes,avgSLOC_with_bugs,sonarqube,all
0.05,2.01E-38,yes,avgSLOC_with_bugs,soot,all
0.09,0.0003708117939,yes,avgSLOC_with_bugs,spark,all
0.15,5.99E-216,yes,avgSLOC_with_bugs,spring-boot,all
0.14,0,yes,avgSLOC_with_bugs,spring-framework,all
0.15,2.18E-45,yes,avgSLOC_with_bugs,swagger-core,all
0.25,6.34E-122,yes,avgSLOC_with_bugs,titan,all
0.19,1.39E-48,yes,avgSLOC_with_bugs,truth,all
0.32,2.00E-117,yes,avgSLOC_with_bugs,Twitter4J,all
0.22,8.37E-162,yes,avgSLOC_with_bugs,voldemort,all
0.18,1.60E-43,yes,avgSLOC_with_bugs,vraptor4,all
0.06,7.38E-39,yes,avgSLOC_with_bugs,wicket,all
0.19,0,yes,avgSLOC_with_bugs,wildfly,all
0.21,0,yes,avgSLOC_with_revisions,ant,all
-0.1,3.25E-77,yes,avgSLOC_with_revisions,antlr4,all
0.17,0,yes,avgSLOC_with_revisions,assertj-core,all
0.1,4.65E-22,yes,avgSLOC_with_revisions,astyanax,all
0.3,1.68E-167,yes,avgSLOC_with_revisions,atmosphere,all
0.26,0,yes,avgSLOC_with_revisions,checkstyle,all
0.12,5.72E-20,yes,avgSLOC_with_revisions,commons-io,all
0.11,1.24E-61,yes,avgSLOC_with_revisions,commons-lang,all
0.2,2.47E-100,yes,avgSLOC_with_revisions,cucumber-jvm,all
0.21,0,yes,avgSLOC_with_revisions,docx4j,all
0.24,0,yes,avgSLOC_with_revisions,drill,all
0.29,0,yes,avgSLOC_with_revisions,DSpace,all
0.23,1.15E-91,yes,avgSLOC_with_revisions,Essentials,all
0.28,0,yes,avgSLOC_with_revisions,fastjson,all
0.19,0,yes,avgSLOC_with_revisions,flink,all
0.14,4.55E-31,yes,avgSLOC_with_revisions,flyway,all
0.14,2.70E-23,yes,avgSLOC_with_revisions,gson,all
0.2,0,yes,avgSLOC_with_revisions,guava,all
0.05,0.0002328149507,yes,avgSLOC_with_revisions,hawtio,all
0.26,3.49E-70,yes,avgSLOC_with_revisions,hector,all
0.1,9.81E-263,yes,avgSLOC_with_revisions,hibernate-orm,all
0.22,0,yes,avgSLOC_with_revisions,hibernate-search,all
0.28,1.74E-129,yes,avgSLOC_with_revisions,Hystrix,all
0.21,4.81E-274,yes,avgSLOC_with_revisions,javaparser,all
0.32,0,yes,avgSLOC_with_revisions,jetty.project,all
0.2,7.81E-206,yes,avgSLOC_with_revisions,jgit,all
0.12,1.01E-26,yes,avgSLOC_with_revisions,jna,all
0.03,0.006224828137,yes,avgSLOC_with_revisions,junit4,all
0.21,1.36E-123,yes,avgSLOC_with_revisions,junit5,all
0.24,6.08E-298,yes,avgSLOC_with_revisions,logging-log4j2,all
0.23,1.74E-105,yes,avgSLOC_with_revisions,lombok,all
0.1,1.35E-30,yes,avgSLOC_with_revisions,mockito,all
0.17,1.10E-172,yes,avgSLOC_with_revisions,mongo-java-driver,all
0.25,1.33E-177,yes,avgSLOC_with_revisions,mybatis-3,all
0.27,0,yes,avgSLOC_with_revisions,netty,all
0.26,1.18E-141,yes,avgSLOC_with_revisions,okhttp,all
0.12,2.66E-100,yes,avgSLOC_with_revisions,openmrs-core,all
0.22,0,yes,avgSLOC_with_revisions,pmd,all
0.24,2.47E-76,yes,avgSLOC_with_revisions,rabbitmq-java-client,all
0.26,0,yes,avgSLOC_with_revisions,RxJava,all
0.23,0,yes,avgSLOC_with_revisions,sonarqube,all
0.12,2.00E-267,yes,avgSLOC_with_revisions,soot,all
0.05,0.04570099412,yes,avgSLOC_with_revisions,spark,all
0.24,0,yes,avgSLOC_with_revisions,spring-boot,all
0.24,0,yes,avgSLOC_with_revisions,spring-framework,all
0.13,1.13E-37,yes,avgSLOC_with_revisions,swagger-core,all
0.26,1.52E-130,yes,avgSLOC_with_revisions,titan,all
0.27,9.33E-113,yes,avgSLOC_with_revisions,truth,all
0.22,3.30E-72,yes,avgSLOC_with_revisions,Twitter4J,all
0.3,0,yes,avgSLOC_with_revisions,voldemort,all
0.13,5.79E-26,yes,avgSLOC_with_revisions,vraptor4,all
0.06,2.07E-44,yes,avgSLOC_with_revisions,wicket,all
0.23,0,yes,avgSLOC_with_revisions,wildfly,all
0.15,2.47E-146,yes,introSLOC_with_bugs,ant,all
-0.01,0.01884359591,yes,introSLOC_with_bugs,antlr4,all
0.07,5.27E-55,yes,introSLOC_with_bugs,assertj-core,all
0.04,0.0003903359617,yes,introSLOC_with_bugs,astyanax,all
0.25,1.40E-108,yes,introSLOC_with_bugs,atmosphere,all
0.2,3.73E-157,yes,introSLOC_with_bugs,checkstyle,all
0.07,3.64E-07,yes,introSLOC_with_bugs,commons-io,all
0.1,1.33E-41,yes,introSLOC_with_bugs,commons-lang,all
0.15,5.61E-44,yes,introSLOC_with_bugs,cucumber-jvm,all
0.12,7.53E-200,yes,introSLOC_with_bugs,docx4j,all
0.19,0,yes,introSLOC_with_bugs,drill,all
0.23,0,yes,introSLOC_with_bugs,DSpace,all
0.3,1.28E-124,yes,introSLOC_with_bugs,Essentials,all
0.17,1.73E-149,yes,introSLOC_with_bugs,fastjson,all
0.18,0,yes,introSLOC_with_bugs,flink,all
0.08,1.11E-11,yes,introSLOC_with_bugs,flyway,all
0.1,4.62E-11,yes,introSLOC_with_bugs,gson,all
0.22,0,yes,introSLOC_with_bugs,guava,all
0.07,1.05E-07,yes,introSLOC_with_bugs,hawtio,all
0.2,4.04E-37,yes,introSLOC_with_bugs,hector,all
0.14,0,yes,introSLOC_with_bugs,hibernate-orm,all
0.13,6.44E-90,yes,introSLOC_with_bugs,hibernate-search,all
0.22,2.22E-70,yes,introSLOC_with_bugs,Hystrix,all
0.04,2.58E-08,yes,introSLOC_with_bugs,javaparser,all
0.28,0,yes,introSLOC_with_bugs,jetty.project,all
-0.01,0.05480137078,no,introSLOC_with_bugs,jgit,all
0.16,2.64E-37,yes,introSLOC_with_bugs,jna,all
0.11,9.45E-17,yes,introSLOC_with_bugs,junit4,all
0.14,2.78E-45,yes,introSLOC_with_bugs,junit5,all
0.13,4.21E-69,yes,introSLOC_with_bugs,logging-log4j2,all
0.14,6.98E-35,yes,introSLOC_with_bugs,lombok,all
0.1,2.50E-24,yes,introSLOC_with_bugs,mockito,all
0.11,7.68E-60,yes,introSLOC_with_bugs,mongo-java-driver,all
0.23,1.42E-134,yes,introSLOC_with_bugs,mybatis-3,all
0.25,0,yes,introSLOC_with_bugs,netty,all
0.26,4.40E-110,yes,introSLOC_with_bugs,okhttp,all
0.12,8.67E-91,yes,introSLOC_with_bugs,openmrs-core,all
0.19,9.64E-266,yes,introSLOC_with_bugs,pmd,all
0.09,3.33E-10,yes,introSLOC_with_bugs,rabbitmq-java-client,all
0.17,2.02E-214,yes,introSLOC_with_bugs,RxJava,all
0.15,0,yes,introSLOC_with_bugs,sonarqube,all
0.01,0.0006823249667,yes,introSLOC_with_bugs,soot,all
0.08,0.001405124328,yes,introSLOC_with_bugs,spark,all
0.13,3.14E-159,yes,introSLOC_with_bugs,spring-boot,all
0.13,0,yes,introSLOC_with_bugs,spring-framework,all
0.14,2.92E-38,yes,introSLOC_with_bugs,swagger-core,all
0.23,3.44E-96,yes,introSLOC_with_bugs,titan,all
0.16,3.01E-33,yes,introSLOC_with_bugs,truth,all
0.31,7.93E-114,yes,introSLOC_with_bugs,Twitter4J,all
0.2,1.26E-125,yes,introSLOC_with_bugs,voldemort,all
0.17,2.98E-38,yes,introSLOC_with_bugs,vraptor4,all
0.03,2.93E-08,yes,introSLOC_with_bugs,wicket,all
0.16,0,yes,introSLOC_with_bugs,wildfly,all
0.19,4.38E-278,yes,introSLOC_with_revisions,ant,all
-0.11,1.33E-100,yes,introSLOC_with_revisions,antlr4,all
0.17,0,yes,introSLOC_with_revisions,assertj-core,all
0.06,1.13E-08,yes,introSLOC_with_revisions,astyanax,all
0.24,2.09E-111,yes,introSLOC_with_revisions,atmosphere,all
0.26,0,yes,introSLOC_with_revisions,checkstyle,all
0.1,2.09E-14,yes,introSLOC_with_revisions,commons-io,all
0.1,1.49E-45,yes,introSLOC_with_revisions,commons-lang,all
0.17,3.16E-73,yes,introSLOC_with_revisions,cucumber-jvm,all
0.2,0,yes,introSLOC_with_revisions,docx4j,all
0.21,0,yes,introSLOC_with_revisions,drill,all
0.26,0,yes,introSLOC_with_revisions,DSpace,all
0.22,6.06E-78,yes,introSLOC_with_revisions,Essentials,all
0.26,0,yes,introSLOC_with_revisions,fastjson,all
0.18,0,yes,introSLOC_with_revisions,flink,all
0.11,1.31E-19,yes,introSLOC_with_revisions,flyway,all
0.11,1.60E-13,yes,introSLOC_with_revisions,gson,all
0.2,0,yes,introSLOC_with_revisions,guava,all
0.03,0.02561251304,yes,introSLOC_with_revisions,hawtio,all
0.2,1.17E-43,yes,introSLOC_with_revisions,hector,all
0.09,1.71E-194,yes,introSLOC_with_revisions,hibernate-orm,all
0.2,5.26E-283,yes,introSLOC_with_revisions,hibernate-search,all
0.26,2.51E-110,yes,introSLOC_with_revisions,Hystrix,all
0.14,1.82E-125,yes,introSLOC_with_revisions,javaparser,all
0.29,0,yes,introSLOC_with_revisions,jetty.project,all
0.18,1.90E-166,yes,introSLOC_with_revisions,jgit,all
0.11,1.28E-20,yes,introSLOC_with_revisions,jna,all
0.01,0.4252577261,no,introSLOC_with_revisions,junit4,all
0.19,5.01E-99,yes,introSLOC_with_revisions,junit5,all
0.22,3.98E-238,yes,introSLOC_with_revisions,logging-log4j2,all
0.21,5.82E-85,yes,introSLOC_with_revisions,lombok,all
0.1,2.36E-28,yes,introSLOC_with_revisions,mockito,all
0.13,2.71E-109,yes,introSLOC_with_revisions,mongo-java-driver,all
0.25,6.35E-181,yes,introSLOC_with_revisions,mybatis-3,all
0.25,0,yes,introSLOC_with_revisions,netty,all
0.23,4.37E-109,yes,introSLOC_with_revisions,okhttp,all
0.11,2.18E-97,yes,introSLOC_with_revisions,openmrs-core,all
0.2,0,yes,introSLOC_with_revisions,pmd,all
0.23,9.98E-67,yes,introSLOC_with_revisions,rabbitmq-java-client,all
0.25,0,yes,introSLOC_with_revisions,RxJava,all
0.21,0,yes,introSLOC_with_revisions,sonarqube,all
0.09,6.09E-156,yes,introSLOC_with_revisions,soot,all
0.04,0.0778211366,no,introSLOC_with_revisions,spark,all
0.23,0,yes,introSLOC_with_revisions,spring-boot,all
0.22,0,yes,introSLOC_with_revisions,spring-framework,all
0.11,1.48E-25,yes,introSLOC_with_revisions,swagger-core,all
0.22,9.47E-97,yes,introSLOC_with_revisions,titan,all
0.25,6.18E-92,yes,introSLOC_with_revisions,truth,all
0.2,4.44E-56,yes,introSLOC_with_revisions,Twitter4J,all
0.27,7.95E-252,yes,introSLOC_with_revisions,voldemort,all
0.11,3.75E-19,yes,introSLOC_with_revisions,vraptor4,all
0.02,1.54E-08,yes,introSLOC_with_revisions,wicket,all
0.2,0,yes,introSLOC_with_revisions,wildfly,all
0.16,2.84E-166,yes,lastSLOC_with_bugs,ant,all
0.01,0.253126823,no,lastSLOC_with_bugs,antlr4,all
0.07,1.32E-58,yes,lastSLOC_with_bugs,assertj-core,all
0.05,1.51E-05,yes,lastSLOC_with_bugs,astyanax,all
0.28,5.51E-139,yes,lastSLOC_with_bugs,atmosphere,all
0.2,5.76E-164,yes,lastSLOC_with_bugs,checkstyle,all
0.07,2.96E-07,yes,lastSLOC_with_bugs,commons-io,all
0.11,7.78E-48,yes,lastSLOC_with_bugs,commons-lang,all
0.17,5.73E-60,yes,lastSLOC_with_bugs,cucumber-jvm,all
0.12,3.53E-209,yes,lastSLOC_with_bugs,docx4j,all
0.21,0,yes,lastSLOC_with_bugs,drill,all
0.26,0,yes,lastSLOC_with_bugs,DSpace,all
0.3,2.88E-120,yes,lastSLOC_with_bugs,Essentials,all
0.18,1.64E-163,yes,lastSLOC_with_bugs,fastjson,all
0.19,0,yes,lastSLOC_with_bugs,flink,all
0.09,5.50E-15,yes,lastSLOC_with_bugs,flyway,all
0.12,1.48E-15,yes,lastSLOC_with_bugs,gson,all
0.22,0,yes,lastSLOC_with_bugs,guava,all
0.1,9.81E-12,yes,lastSLOC_with_bugs,hawtio,all
0.24,9.25E-53,yes,lastSLOC_with_bugs,hector,all
0.14,0,yes,lastSLOC_with_bugs,hibernate-orm,all
0.14,3.66E-106,yes,lastSLOC_with_bugs,hibernate-search,all
0.2,1.01E-56,yes,lastSLOC_with_bugs,Hystrix,all
0.09,1.75E-41,yes,lastSLOC_with_bugs,javaparser,all
0.3,0,yes,lastSLOC_with_bugs,jetty.project,all
-0.01,0.1494876777,no,lastSLOC_with_bugs,jgit,all
0.17,1.22E-44,yes,lastSLOC_with_bugs,jna,all
0.1,8.01E-15,yes,lastSLOC_with_bugs,junit4,all
0.14,5.31E-45,yes,lastSLOC_with_bugs,junit5,all
0.14,3.02E-79,yes,lastSLOC_with_bugs,logging-log4j2,all
0.16,6.31E-45,yes,lastSLOC_with_bugs,lombok,all
0.08,1.69E-18,yes,lastSLOC_with_bugs,mockito,all
0.13,5.00E-86,yes,lastSLOC_with_bugs,mongo-java-driver,all
0.24,3.39E-136,yes,lastSLOC_with_bugs,mybatis-3,all
0.26,0,yes,lastSLOC_with_bugs,netty,all
0.27,1.30E-117,yes,lastSLOC_with_bugs,okhttp,all
0.13,1.68E-100,yes,lastSLOC_with_bugs,openmrs-core,all
0.19,1.38E-249,yes,lastSLOC_with_bugs,pmd,all
0.09,9.39E-10,yes,lastSLOC_with_bugs,rabbitmq-java-client,all
0.16,2.67E-200,yes,lastSLOC_with_bugs,RxJava,all
0.16,0,yes,lastSLOC_with_bugs,sonarqube,all
0.05,7.08E-38,yes,lastSLOC_with_bugs,soot,all
0.08,0.002432677509,yes,lastSLOC_with_bugs,spark,all
0.14,4.26E-195,yes,lastSLOC_with_bugs,spring-boot,all
0.13,0,yes,lastSLOC_with_bugs,spring-framework,all
0.14,8.78E-38,yes,lastSLOC_with_bugs,swagger-core,all
0.22,3.84E-93,yes,lastSLOC_with_bugs,titan,all
0.19,2.60E-44,yes,lastSLOC_with_bugs,truth,all
0.28,1.21E-89,yes,lastSLOC_with_bugs,Twitter4J,all
0.22,4.23E-154,yes,lastSLOC_with_bugs,voldemort,all
0.16,2.88E-34,yes,lastSLOC_with_bugs,vraptor4,all
0.06,5.45E-36,yes,lastSLOC_with_bugs,wicket,all
0.19,0,yes,lastSLOC_with_bugs,wildfly,all
0.2,1.67E-299,yes,lastSLOC_with_revisions,ant,all
-0.1,6.31E-80,yes,lastSLOC_with_revisions,antlr4,all
0.17,0,yes,lastSLOC_with_revisions,assertj-core,all
0.07,1.17E-11,yes,lastSLOC_with_revisions,astyanax,all
0.29,1.57E-154,yes,lastSLOC_with_revisions,atmosphere,all
0.25,0,yes,lastSLOC_with_revisions,checkstyle,all
0.11,1.09E-17,yes,lastSLOC_with_revisions,commons-io,all
0.1,1.33E-51,yes,lastSLOC_with_revisions,commons-lang,all
0.19,5.77E-89,yes,lastSLOC_with_revisions,cucumber-jvm,all
0.21,0,yes,lastSLOC_with_revisions,docx4j,all
0.23,0,yes,lastSLOC_with_revisions,drill,all
0.29,0,yes,lastSLOC_with_revisions,DSpace,all
0.22,8.90E-79,yes,lastSLOC_with_revisions,Essentials,all
0.27,0,yes,lastSLOC_with_revisions,fastjson,all
0.18,0,yes,lastSLOC_with_revisions,flink,all
0.12,4.90E-23,yes,lastSLOC_with_revisions,flyway,all
0.13,3.73E-18,yes,lastSLOC_with_revisions,gson,all
0.19,0,yes,lastSLOC_with_revisions,guava,all
0.04,0.0009397925371,yes,lastSLOC_with_revisions,hawtio,all
0.22,1.00E-51,yes,lastSLOC_with_revisions,hector,all
0.1,5.15E-251,yes,lastSLOC_with_revisions,hibernate-orm,all
0.21,0.00E-02,yes,lastSLOC_with_revisions,hibernate-search,all
0.24,1.93E-95,yes,lastSLOC_with_revisions,Hystrix,all
0.2,2.05E-243,yes,lastSLOC_with_revisions,javaparser,all
0.31,0,yes,lastSLOC_with_revisions,jetty.project,all
0.19,1.69E-192,yes,lastSLOC_with_revisions,jgit,all
0.1,2.83E-19,yes,lastSLOC_with_revisions,jna,all
0.02,0.04571063803,yes,lastSLOC_with_revisions,junit4,all
0.18,7.19E-97,yes,lastSLOC_with_revisions,junit5,all
0.23,1.01E-270,yes,lastSLOC_with_revisions,logging-log4j2,all
0.23,3.34E-101,yes,lastSLOC_with_revisions,lombok,all
0.08,3.30E-20,yes,lastSLOC_with_revisions,mockito,all
0.15,1.05E-140,yes,lastSLOC_with_revisions,mongo-java-driver,all
0.25,1.14E-167,yes,lastSLOC_with_revisions,mybatis-3,all
0.26,0,yes,lastSLOC_with_revisions,netty,all
0.25,1.54E-129,yes,lastSLOC_with_revisions,okhttp,all
0.1,1.54E-69,yes,lastSLOC_with_revisions,openmrs-core,all
0.19,0,yes,lastSLOC_with_revisions,pmd,all
0.23,4.01E-69,yes,lastSLOC_with_revisions,rabbitmq-java-client,all
0.24,0,yes,lastSLOC_with_revisions,RxJava,all
0.22,0,yes,lastSLOC_with_revisions,sonarqube,all
0.11,5.77E-258,yes,lastSLOC_with_revisions,soot,all
0.04,0.1313814847,no,lastSLOC_with_revisions,spark,all
0.23,0,yes,lastSLOC_with_revisions,spring-boot,all
0.23,0,yes,lastSLOC_with_revisions,spring-framework,all
0.12,5.85E-34,yes,lastSLOC_with_revisions,swagger-core,all
0.22,8.02E-96,yes,lastSLOC_with_revisions,titan,all
0.26,3.12E-99,yes,lastSLOC_with_revisions,truth,all
0.2,9.54E-57,yes,lastSLOC_with_revisions,Twitter4J,all
0.29,2.41E-307,yes,lastSLOC_with_revisions,voldemort,all
0.11,2.53E-20,yes,lastSLOC_with_revisions,vraptor4,all
0.06,3.34E-46,yes,lastSLOC_with_revisions,wicket,all
0.22,0,yes,lastSLOC_with_revisions,wildfly,all
0.16,5.29E-171,yes,medianSLOC_with_bugs,ant,all
0.01,0.1562042841,no,medianSLOC_with_bugs,antlr4,all
0.08,2.37E-61,yes,medianSLOC_with_bugs,assertj-core,all
0.06,2.72E-07,yes,medianSLOC_with_bugs,astyanax,all
0.28,1.04E-143,yes,medianSLOC_with_bugs,atmosphere,all
0.2,1.19E-168,yes,medianSLOC_with_bugs,checkstyle,all
0.08,2.07E-08,yes,medianSLOC_with_bugs,commons-io,all
0.12,2.90E-54,yes,medianSLOC_with_bugs,commons-lang,all
0.17,4.57E-61,yes,medianSLOC_with_bugs,cucumber-jvm,all
0.12,7.77E-212,yes,medianSLOC_with_bugs,docx4j,all
0.22,0,yes,medianSLOC_with_bugs,drill,all
0.26,0,yes,medianSLOC_with_bugs,DSpace,all
0.31,1.01E-131,yes,medianSLOC_with_bugs,Essentials,all
0.18,2.16E-171,yes,medianSLOC_with_bugs,fastjson,all
0.19,0,yes,medianSLOC_with_bugs,flink,all
0.11,1.64E-20,yes,medianSLOC_with_bugs,flyway,all
0.13,6.39E-17,yes,medianSLOC_with_bugs,gson,all
0.22,0,yes,medianSLOC_with_bugs,guava,all
0.1,1.84E-12,yes,medianSLOC_with_bugs,hawtio,all
0.24,1.79E-53,yes,medianSLOC_with_bugs,hector,all
0.14,0,yes,medianSLOC_with_bugs,hibernate-orm,all
0.14,3.02E-111,yes,medianSLOC_with_bugs,hibernate-search,all
0.24,3.41E-83,yes,medianSLOC_with_bugs,Hystrix,all
0.08,2.36E-33,yes,medianSLOC_with_bugs,javaparser,all
0.3,0,yes,medianSLOC_with_bugs,jetty.project,all
-0.01,0.4268824595,no,medianSLOC_with_bugs,jgit,all
0.18,3.05E-47,yes,medianSLOC_with_bugs,jna,all
0.11,1.25E-16,yes,medianSLOC_with_bugs,junit4,all
0.15,5.62E-49,yes,medianSLOC_with_bugs,junit5,all
0.14,2.78E-82,yes,medianSLOC_with_bugs,logging-log4j2,all
0.16,1.59E-45,yes,medianSLOC_with_bugs,lombok,all
0.09,2.72E-20,yes,medianSLOC_with_bugs,mockito,all
0.14,1.02E-91,yes,medianSLOC_with_bugs,mongo-java-driver,all
0.24,5.38E-145,yes,medianSLOC_with_bugs,mybatis-3,all
0.27,0,yes,medianSLOC_with_bugs,netty,all
0.28,9.01E-126,yes,medianSLOC_with_bugs,okhttp,all
0.13,8.12E-108,yes,medianSLOC_with_bugs,openmrs-core,all
0.2,8.98E-299,yes,medianSLOC_with_bugs,pmd,all
0.09,8.27E-11,yes,medianSLOC_with_bugs,rabbitmq-java-client,all
0.17,4.68E-213,yes,medianSLOC_with_bugs,RxJava,all
0.16,0,yes,medianSLOC_with_bugs,sonarqube,all
0.04,1.85E-37,yes,medianSLOC_with_bugs,soot,all
0.09,0.0006066253072,yes,medianSLOC_with_bugs,spark,all
0.15,4.15E-199,yes,medianSLOC_with_bugs,spring-boot,all
0.14,0,yes,medianSLOC_with_bugs,spring-framework,all
0.15,2.88E-44,yes,medianSLOC_with_bugs,swagger-core,all
0.24,2.36E-108,yes,medianSLOC_with_bugs,titan,all
0.19,1.06E-46,yes,medianSLOC_with_bugs,truth,all
0.31,1.85E-111,yes,medianSLOC_with_bugs,Twitter4J,all
0.22,3.72E-158,yes,medianSLOC_with_bugs,voldemort,all
0.17,2.48E-39,yes,medianSLOC_with_bugs,vraptor4,all
0.05,4.19E-32,yes,medianSLOC_with_bugs,wicket,all
0.19,0,yes,medianSLOC_with_bugs,wildfly,all
0.21,0,yes,medianSLOC_with_revisions,ant,all
-0.1,3.34E-77,yes,medianSLOC_with_revisions,antlr4,all
0.17,0,yes,medianSLOC_with_revisions,assertj-core,all
0.08,6.10E-15,yes,medianSLOC_with_revisions,astyanax,all
0.29,3.32E-156,yes,medianSLOC_with_revisions,atmosphere,all
0.26,0,yes,medianSLOC_with_revisions,checkstyle,all
0.12,2.08E-19,yes,medianSLOC_with_revisions,commons-io,all
0.11,4.79E-56,yes,medianSLOC_with_revisions,commons-lang,all
0.2,1.35E-94,yes,medianSLOC_with_revisions,cucumber-jvm,all
0.21,0,yes,medianSLOC_with_revisions,docx4j,all
0.24,0,yes,medianSLOC_with_revisions,drill,all
0.29,0,yes,medianSLOC_with_revisions,DSpace,all
0.24,2.65E-97,yes,medianSLOC_with_revisions,Essentials,all
0.28,0,yes,medianSLOC_with_revisions,fastjson,all
0.19,0,yes,medianSLOC_with_revisions,flink,all
0.13,4.15E-30,yes,medianSLOC_with_revisions,flyway,all
0.14,2.74E-22,yes,medianSLOC_with_revisions,gson,all
0.2,0,yes,medianSLOC_with_revisions,guava,all
0.05,0.0003840036911,yes,medianSLOC_with_revisions,hawtio,all
0.25,6.19E-68,yes,medianSLOC_with_revisions,hector,all
0.1,6.62E-253,yes,medianSLOC_with_revisions,hibernate-orm,all
0.22,0,yes,medianSLOC_with_revisions,hibernate-search,all
0.28,8.41E-128,yes,medianSLOC_with_revisions,Hystrix,all
0.2,1.51E-241,yes,medianSLOC_with_revisions,javaparser,all
0.31,0,yes,medianSLOC_with_revisions,jetty.project,all
0.2,1.89E-201,yes,medianSLOC_with_revisions,jgit,all
0.12,3.42E-24,yes,medianSLOC_with_revisions,jna,all
0.02,0.03438039749,yes,medianSLOC_with_revisions,junit4,all
0.19,2.67E-102,yes,medianSLOC_with_revisions,junit5,all
0.23,1.19E-279,yes,medianSLOC_with_revisions,logging-log4j2,all
0.23,9.66E-102,yes,medianSLOC_with_revisions,lombok,all
0.09,5.54E-25,yes,medianSLOC_with_revisions,mockito,all
0.16,2.72E-148,yes,medianSLOC_with_revisions,mongo-java-driver,all
0.25,2.61E-173,yes,medianSLOC_with_revisions,mybatis-3,all
0.27,0,yes,medianSLOC_with_revisions,netty,all
0.26,2.69E-142,yes,medianSLOC_with_revisions,okhttp,all
0.11,5.53E-90,yes,medianSLOC_with_revisions,openmrs-core,all
0.2,0,yes,medianSLOC_with_revisions,pmd,all
0.23,8.57E-72,yes,medianSLOC_with_revisions,rabbitmq-java-client,all
0.25,0,yes,medianSLOC_with_revisions,RxJava,all
0.22,0,yes,medianSLOC_with_revisions,sonarqube,all
0.12,1.41E-264,yes,medianSLOC_with_revisions,soot,all
0.05,0.05926339546,no,medianSLOC_with_revisions,spark,all
0.24,0,yes,medianSLOC_with_revisions,spring-boot,all
0.23,0,yes,medianSLOC_with_revisions,spring-framework,all
0.13,7.84E-36,yes,medianSLOC_with_revisions,swagger-core,all
0.24,5.70E-116,yes,medianSLOC_with_revisions,titan,all
0.26,8.76E-107,yes,medianSLOC_with_revisions,truth,all
0.21,6.53E-64,yes,medianSLOC_with_revisions,Twitter4J,all
0.3,0,yes,medianSLOC_with_revisions,voldemort,all
0.12,1.46E-22,yes,medianSLOC_with_revisions,vraptor4,all
0.05,8.07E-36,yes,medianSLOC_with_revisions,wicket,all
0.23,0,yes,medianSLOC_with_revisions,wildfly,all
0.26,0,yes,stdSLOC_with_bugs,ant,all
0.55,0,yes,stdSLOC_with_bugs,antlr4,all
0.25,0,yes,stdSLOC_with_bugs,assertj-core,all
0.44,2.13E-275,yes,stdSLOC_with_bugs,astyanax,all
0.58,0,yes,stdSLOC_with_bugs,atmosphere,all
0.32,0,yes,stdSLOC_with_bugs,checkstyle,all
0.22,1.34E-39,yes,stdSLOC_with_bugs,commons-io,all
0.37,0,yes,stdSLOC_with_bugs,commons-lang,all
0.39,2.41E-237,yes,stdSLOC_with_bugs,cucumber-jvm,all
0.32,0,yes,stdSLOC_with_bugs,docx4j,all
0.45,0,yes,stdSLOC_with_bugs,drill,all
0.36,0,yes,stdSLOC_with_bugs,DSpace,all
0.5,7.93E-286,yes,stdSLOC_with_bugs,Essentials,all
0.41,0,yes,stdSLOC_with_bugs,fastjson,all
0.46,0,yes,stdSLOC_with_bugs,flink,all
0.48,4.23E-280,yes,stdSLOC_with_bugs,flyway,all
0.27,6.69E-53,yes,stdSLOC_with_bugs,gson,all
0.19,0,yes,stdSLOC_with_bugs,guava,all
0.48,2.00E-205,yes,stdSLOC_with_bugs,hawtio,all
0.49,3.03E-179,yes,stdSLOC_with_bugs,hector,all
0.22,0,yes,stdSLOC_with_bugs,hibernate-orm,all
0.26,4.82E-302,yes,stdSLOC_with_bugs,hibernate-search,all
0.49,1.47E-272,yes,stdSLOC_with_bugs,Hystrix,all
0.35,0,yes,stdSLOC_with_bugs,javaparser,all
0.37,0,yes,stdSLOC_with_bugs,jetty.project,all
0.16,8.15E-93,yes,stdSLOC_with_bugs,jgit,all
0.35,7.47E-136,yes,stdSLOC_with_bugs,jna,all
0.36,8.35E-138,yes,stdSLOC_with_bugs,junit4,all
0.3,6.25E-162,yes,stdSLOC_with_bugs,junit5,all
0.33,0,yes,stdSLOC_with_bugs,logging-log4j2,all
0.39,4.27E-212,yes,stdSLOC_with_bugs,lombok,all
0.42,0,yes,stdSLOC_with_bugs,mockito,all
0.36,0,yes,stdSLOC_with_bugs,mongo-java-driver,all
0.4,0,yes,stdSLOC_with_bugs,mybatis-3,all
0.47,0,yes,stdSLOC_with_bugs,netty,all
0.46,2.56E-274,yes,stdSLOC_with_bugs,okhttp,all
0.34,0,yes,stdSLOC_with_bugs,openmrs-core,all
0.48,0,yes,stdSLOC_with_bugs,pmd,all
0.26,5.36E-61,yes,stdSLOC_with_bugs,rabbitmq-java-client,all
0.43,0,yes,stdSLOC_with_bugs,RxJava,all
0.33,0,yes,stdSLOC_with_bugs,sonarqube,all
0.28,0,yes,stdSLOC_with_bugs,soot,all
0.41,3.78E-47,yes,stdSLOC_with_bugs,spark,all
0.33,0,yes,stdSLOC_with_bugs,spring-boot,all
0.28,0,yes,stdSLOC_with_bugs,spring-framework,all
0.43,4.65E-296,yes,stdSLOC_with_bugs,swagger-core,all
0.54,0,yes,stdSLOC_with_bugs,titan,all
0.35,2.03E-127,yes,stdSLOC_with_bugs,truth,all
0.45,7.72E-198,yes,stdSLOC_with_bugs,Twitter4J,all
0.47,0,yes,stdSLOC_with_bugs,voldemort,all
0.46,1.06E-213,yes,stdSLOC_with_bugs,vraptor4,all
0.4,0,yes,stdSLOC_with_bugs,wicket,all
0.45,0,yes,stdSLOC_with_bugs,wildfly,all
0.5,0,yes,stdSLOC_with_revisions,antlr4,all
0.27,0,yes,stdSLOC_with_revisions,assertj-core,all
0.47,0,yes,stdSLOC_with_revisions,astyanax,all
0.58,0,yes,stdSLOC_with_revisions,atmosphere,all
0.45,0,yes,stdSLOC_with_revisions,drill,all
0.46,0,yes,stdSLOC_with_revisions,DSpace,all
0.56,0,yes,stdSLOC_with_revisions,Essentials,all
0.44,0,yes,stdSLOC_with_revisions,flink,all
0.47,7.25E-281,yes,stdSLOC_with_revisions,flyway,all
0.3,0,yes,stdSLOC_with_revisions,guava,all
0.38,9.11E-139,yes,stdSLOC_with_revisions,hawtio,all
0.51,4.40E-230,yes,stdSLOC_with_revisions,hector,all
0.26,0,yes,stdSLOC_with_revisions,hibernate-orm,all
0.54,0,yes,stdSLOC_with_revisions,Hystrix,all
0.49,0,yes,stdSLOC_with_revisions,jetty.project,all
0.41,0,yes,stdSLOC_with_revisions,logging-log4j2,all
0.41,2.00E-265,yes,stdSLOC_with_revisions,lombok,all
0.46,0,yes,stdSLOC_with_revisions,mongo-java-driver,all
0.32,2.16E-231,yes,stdSLOC_with_revisions,mybatis-3,all
0.47,0,yes,stdSLOC_with_revisions,netty,all
0.41,0,yes,stdSLOC_with_revisions,openmrs-core,all
0.47,4.87E-224,yes,stdSLOC_with_revisions,rabbitmq-java-client,all
0.42,0,yes,stdSLOC_with_revisions,RxJava,all
0.47,0,yes,stdSLOC_with_revisions,sonarqube,all
0.34,0,yes,stdSLOC_with_revisions,soot,all
0.39,1.02E-45,yes,stdSLOC_with_revisions,spark,all
0.41,0,yes,stdSLOC_with_revisions,spring-framework,all
0.44,0,yes,stdSLOC_with_revisions,swagger-core,all
0.49,2.07E-299,yes,stdSLOC_with_revisions,truth,all
0.49,1.13E-284,yes,stdSLOC_with_revisions,Twitter4J,all
0.56,0,yes,stdSLOC_with_revisions,voldemort,all
0.52,0,yes,stdSLOC_with_revisions,vraptor4,all
0.46,0,yes,stdSLOC_with_revisions,wildfly,all
0.38,0,yes,stdSLOC_with_revisions,ant,all
0.37,0,yes,stdSLOC_with_revisions,checkstyle,all
0.39,8.36E-147,yes,stdSLOC_with_revisions,commons-io,all
0.36,0,yes,stdSLOC_with_revisions,commons-lang,all
0.45,0,yes,stdSLOC_with_revisions,cucumber-jvm,all
0.17,0,yes,stdSLOC_with_revisions,docx4j,all
0.37,0,yes,stdSLOC_with_revisions,fastjson,all
0.42,6.55E-142,yes,stdSLOC_with_revisions,gson,all
0.44,0,yes,stdSLOC_with_revisions,hibernate-search,all
0.42,0,yes,stdSLOC_with_revisions,javaparser,all
0.43,0,yes,stdSLOC_with_revisions,jgit,all
0.39,2.30E-200,yes,stdSLOC_with_revisions,jna,all
0.36,5.75E-166,yes,stdSLOC_with_revisions,junit4,all
0.43,0,yes,stdSLOC_with_revisions,junit5,all
0.44,0,yes,stdSLOC_with_revisions,mockito,all
0.53,0,yes,stdSLOC_with_revisions,okhttp,all
0.48,0,yes,stdSLOC_with_revisions,pmd,all
0.42,0,yes,stdSLOC_with_revisions,spring-boot,all
0.59,0,yes,stdSLOC_with_revisions,titan,all
0.42,0,yes,stdSLOC_with_revisions,wicket,all
0.03,1.65E-06,yes,versionedSLOC_with_bugs,antlr4,all
0.14,4.46E-188,yes,versionedSLOC_with_bugs,assertj-core,all
0.01,0.46728181,no,versionedSLOC_with_bugs,astyanax,all
0.26,2.58E-167,yes,versionedSLOC_with_bugs,atmosphere,all
0.19,0,yes,versionedSLOC_with_bugs,drill,all
0.12,1.23E-93,yes,versionedSLOC_with_bugs,DSpace,all
0.21,9.77E-90,yes,versionedSLOC_with_bugs,Essentials,all
0.14,0,yes,versionedSLOC_with_bugs,flink,all
0.21,4.56E-72,yes,versionedSLOC_with_bugs,flyway,all
0.19,0,yes,versionedSLOC_with_bugs,guava,all
0.11,1.97E-16,yes,versionedSLOC_with_bugs,hawtio,all
0.19,7.31E-43,yes,versionedSLOC_with_bugs,hector,all
0.11,1.09E-268,yes,versionedSLOC_with_bugs,hibernate-orm,all
0.18,1.80E-62,yes,versionedSLOC_with_bugs,Hystrix,all
0.21,0,yes,versionedSLOC_with_bugs,jetty.project,all
0.09,9.45E-47,yes,versionedSLOC_with_bugs,logging-log4j2,all
0.15,2.29E-44,yes,versionedSLOC_with_bugs,lombok,all
0.08,5.81E-37,yes,versionedSLOC_with_bugs,mongo-java-driver,all
0.24,2.04E-106,yes,versionedSLOC_with_bugs,mybatis-3,all
0.23,0,yes,versionedSLOC_with_bugs,netty,all
0.1,1.99E-74,yes,versionedSLOC_with_bugs,openmrs-core,all
0.05,0.0008638341428,yes,versionedSLOC_with_bugs,rabbitmq-java-client,all
0.12,4.40E-106,yes,versionedSLOC_with_bugs,RxJava,all
0.12,0,yes,versionedSLOC_with_bugs,sonarqube,all
0.21,0,yes,versionedSLOC_with_bugs,soot,all
0.08,0.0004815372906,yes,versionedSLOC_with_bugs,spark,all
0.1,7.36E-189,yes,versionedSLOC_with_bugs,spring-framework,all
0.15,3.33E-58,yes,versionedSLOC_with_bugs,swagger-core,all
0.1,1.96E-16,yes,versionedSLOC_with_bugs,truth,all
0.17,2.85E-41,yes,versionedSLOC_with_bugs,Twitter4J,all
0.15,2.90E-93,yes,versionedSLOC_with_bugs,voldemort,all
0.14,3.51E-31,yes,versionedSLOC_with_bugs,vraptor4,all
0.17,0,yes,versionedSLOC_with_bugs,wildfly,all
0.18,7.32E-211,yes,versionedSLOC_with_bugs,ant,all
0.19,1.48E-144,yes,versionedSLOC_with_bugs,checkstyle,all
0.04,0.006134954696,yes,versionedSLOC_with_bugs,commons-io,all
0.11,3.81E-49,yes,versionedSLOC_with_bugs,commons-lang,all
0.1,1.44E-21,yes,versionedSLOC_with_bugs,cucumber-jvm,all
0.14,5.30E-210,yes,versionedSLOC_with_bugs,docx4j,all
0.2,1.18E-202,yes,versionedSLOC_with_bugs,fastjson,all
0.11,9.46E-13,yes,versionedSLOC_with_bugs,gson,all
0.1,2.19E-74,yes,versionedSLOC_with_bugs,hibernate-search,all
0.09,5.42E-60,yes,versionedSLOC_with_bugs,javaparser,all
0.11,3.06E-50,yes,versionedSLOC_with_bugs,jgit,all
0.15,1.53E-34,yes,versionedSLOC_with_bugs,jna,all
0.09,6.54E-12,yes,versionedSLOC_with_bugs,junit4,all
0.09,9.82E-27,yes,versionedSLOC_with_bugs,junit5,all
0.08,7.57E-17,yes,versionedSLOC_with_bugs,mockito,all
0.14,5.42E-47,yes,versionedSLOC_with_bugs,okhttp,all
0.17,3.19E-232,yes,versionedSLOC_with_bugs,pmd,all
0.09,1.66E-85,yes,versionedSLOC_with_bugs,spring-boot,all
0.21,1.69E-103,yes,versionedSLOC_with_bugs,titan,all
0.04,4.90E-21,yes,versionedSLOC_with_bugs,wicket,all
-0.02,0.002308031025,yes,versionedSLOC_with_revisions,antlr4,all
0.18,0,yes,versionedSLOC_with_revisions,assertj-core,all
0.05,6.32E-08,yes,versionedSLOC_with_revisions,astyanax,all
0.36,0,yes,versionedSLOC_with_revisions,atmosphere,all
0.29,0,yes,versionedSLOC_with_revisions,drill,all
0.26,0,yes,versionedSLOC_with_revisions,DSpace,all
0.31,1.76E-219,yes,versionedSLOC_with_revisions,Essentials,all
0.25,0,yes,versionedSLOC_with_revisions,flink,all
0.27,7.88E-131,yes,versionedSLOC_with_revisions,flyway,all
0.22,0,yes,versionedSLOC_with_revisions,guava,all
0.23,3.94E-62,yes,versionedSLOC_with_revisions,hawtio,all
0.27,5.37E-100,yes,versionedSLOC_with_revisions,hector,all
0.12,0,yes,versionedSLOC_with_revisions,hibernate-orm,all
0.35,1.13E-259,yes,versionedSLOC_with_revisions,Hystrix,all
0.34,0,yes,versionedSLOC_with_revisions,jetty.project,all
0.19,3.81E-224,yes,versionedSLOC_with_revisions,logging-log4j2,all
0.25,3.85E-136,yes,versionedSLOC_with_revisions,lombok,all
0.16,4.52E-186,yes,versionedSLOC_with_revisions,mongo-java-driver,all
0.31,4.39E-193,yes,versionedSLOC_with_revisions,mybatis-3,all
0.31,0,yes,versionedSLOC_with_revisions,netty,all
0.14,5.67E-144,yes,versionedSLOC_with_revisions,openmrs-core,all
0.25,5.71E-83,yes,versionedSLOC_with_revisions,rabbitmq-java-client,all
0.26,0,yes,versionedSLOC_with_revisions,RxJava,all
0.28,0,yes,versionedSLOC_with_revisions,sonarqube,all
0.27,0,yes,versionedSLOC_with_revisions,soot,all
0.22,9.30E-24,yes,versionedSLOC_with_revisions,spark,all
0.19,0,yes,versionedSLOC_with_revisions,spring-framework,all
0.18,7.07E-92,yes,versionedSLOC_with_revisions,swagger-core,all
0.18,5.00E-62,yes,versionedSLOC_with_revisions,truth,all
0.15,7.39E-39,yes,versionedSLOC_with_revisions,Twitter4J,all
0.35,0,yes,versionedSLOC_with_revisions,voldemort,all
0.18,5.50E-59,yes,versionedSLOC_with_revisions,vraptor4,all
0.33,0,yes,versionedSLOC_with_revisions,wildfly,all
0.28,0,yes,versionedSLOC_with_revisions,ant,all
0.23,1.79E-251,yes,versionedSLOC_with_revisions,checkstyle,all
0.09,5.60E-11,yes,versionedSLOC_with_revisions,commons-io,all
0.13,5.13E-69,yes,versionedSLOC_with_revisions,commons-lang,all
0.22,3.46E-109,yes,versionedSLOC_with_revisions,cucumber-jvm,all
0.29,0,yes,versionedSLOC_with_revisions,docx4j,all
0.38,0,yes,versionedSLOC_with_revisions,fastjson,all
0.18,3.14E-38,yes,versionedSLOC_with_revisions,gson,all
0.11,9.77E-102,yes,versionedSLOC_with_revisions,hibernate-search,all
0.09,1.36E-64,yes,versionedSLOC_with_revisions,javaparser,all
0.26,0.00E-02,yes,versionedSLOC_with_revisions,jgit,all
0.11,3.09E-21,yes,versionedSLOC_with_revisions,jna,all
0.03,0.007717160702,yes,versionedSLOC_with_revisions,junit4,all
0.12,7.35E-56,yes,versionedSLOC_with_revisions,junit5,all
0.1,1.09E-29,yes,versionedSLOC_with_revisions,mockito,all
0.15,1.12E-66,yes,versionedSLOC_with_revisions,okhttp,all
0.21,0,yes,versionedSLOC_with_revisions,pmd,all
0.15,4.39E-286,yes,versionedSLOC_with_revisions,spring-boot,all
0.34,0,yes,versionedSLOC_with_revisions,titan,all
0.08,1.95E-103,yes,versionedSLOC_with_revisions,wicket,all
0.24,1.91E-56,yes,avgSLOC_with_bugs,antlr4,modified at least once
-0.06,4.45E-18,yes,avgSLOC_with_bugs,assertj-core,modified at least once
0.1,1.80E-11,yes,avgSLOC_with_bugs,astyanax,modified at least once
0.32,5.90E-78,yes,avgSLOC_with_bugs,atmosphere,modified at least once
0.2,1.89E-246,yes,avgSLOC_with_bugs,drill,modified at least once
0.23,7.72E-234,yes,avgSLOC_with_bugs,DSpace,modified at least once
0.36,3.14E-116,yes,avgSLOC_with_bugs,Essentials,modified at least once
0.23,0,yes,avgSLOC_with_bugs,flink,modified at least once
0.24,2.95E-34,yes,avgSLOC_with_bugs,flyway,modified at least once
0.18,5.37E-251,yes,avgSLOC_with_bugs,guava,modified at least once
0.2,8.28E-16,yes,avgSLOC_with_bugs,hawtio,modified at least once
0.27,5.03E-34,yes,avgSLOC_with_bugs,hector,modified at least once
0.17,0,yes,avgSLOC_with_bugs,hibernate-orm,modified at least once
0.26,8.38E-40,yes,avgSLOC_with_bugs,Hystrix,modified at least once
0.27,0,yes,avgSLOC_with_bugs,jetty.project,modified at least once
0.13,9.24E-50,yes,avgSLOC_with_bugs,logging-log4j2,modified at least once
0.13,2.85E-19,yes,avgSLOC_with_bugs,lombok,modified at least once
0.15,1.87E-64,yes,avgSLOC_with_bugs,mongo-java-driver,modified at least once
0.26,3.06E-121,yes,avgSLOC_with_bugs,mybatis-3,modified at least once
0.26,0,yes,avgSLOC_with_bugs,netty,modified at least once
0.18,7.38E-112,yes,avgSLOC_with_bugs,openmrs-core,modified at least once
-0.03,0.08470482722,no,avgSLOC_with_bugs,rabbitmq-java-client,modified at least once
-0.01,0.2436893125,no,avgSLOC_with_bugs,RxJava,modified at least once
0.17,0,yes,avgSLOC_with_bugs,sonarqube,modified at least once
0.04,1.81E-15,yes,avgSLOC_with_bugs,soot,modified at least once
0.15,0.002273687906,yes,avgSLOC_with_bugs,spark,modified at least once
0.13,2.67E-286,yes,avgSLOC_with_bugs,spring-framework,modified at least once
0.21,5.60E-30,yes,avgSLOC_with_bugs,swagger-core,modified at least once
0.13,8.49E-16,yes,avgSLOC_with_bugs,truth,modified at least once
0.31,2.98E-84,yes,avgSLOC_with_bugs,Twitter4J,modified at least once
0.16,7.37E-40,yes,avgSLOC_with_bugs,voldemort,modified at least once
0.26,2.37E-39,yes,avgSLOC_with_bugs,vraptor4,modified at least once
0.22,0,yes,avgSLOC_with_bugs,wildfly,modified at least once
0.15,9.73E-82,yes,avgSLOC_with_bugs,ant,modified at least once
0.18,4.47E-111,yes,avgSLOC_with_bugs,checkstyle,modified at least once
0.07,3.75E-05,yes,avgSLOC_with_bugs,commons-io,modified at least once
0.13,5.93E-41,yes,avgSLOC_with_bugs,commons-lang,modified at least once
0.18,1.14E-49,yes,avgSLOC_with_bugs,cucumber-jvm,modified at least once
0.14,1.59E-138,yes,avgSLOC_with_bugs,docx4j,modified at least once
0.17,1.62E-31,yes,avgSLOC_with_bugs,fastjson,modified at least once
0.11,2.26E-07,yes,avgSLOC_with_bugs,gson,modified at least once
0.15,1.13E-101,yes,avgSLOC_with_bugs,hibernate-search,modified at least once
0.1,2.73E-39,yes,avgSLOC_with_bugs,javaparser,modified at least once
-0.07,2.08E-15,yes,avgSLOC_with_bugs,jgit,modified at least once
0.17,1.45E-33,yes,avgSLOC_with_bugs,jna,modified at least once
0.16,4.54E-24,yes,avgSLOC_with_bugs,junit4,modified at least once
0.15,1.07E-39,yes,avgSLOC_with_bugs,junit5,modified at least once
0.09,4.02E-15,yes,avgSLOC_with_bugs,mockito,modified at least once
0.27,5.78E-96,yes,avgSLOC_with_bugs,okhttp,modified at least once
0.21,1.98E-214,yes,avgSLOC_with_bugs,pmd,modified at least once
0.13,3.54E-125,yes,avgSLOC_with_bugs,spring-boot,modified at least once
0.3,2.17E-49,yes,avgSLOC_with_bugs,titan,modified at least once
0.08,2.45E-33,yes,avgSLOC_with_bugs,wicket,modified at least once
0.3,6.63E-107,yes,avgSLOC_with_revisions,antlr4,modified at least once
0.08,1.13E-35,yes,avgSLOC_with_revisions,assertj-core,modified at least once
0.17,7.19E-39,yes,avgSLOC_with_revisions,astyanax,modified at least once
0.36,1.21E-98,yes,avgSLOC_with_revisions,atmosphere,modified at least once
0.24,0,yes,avgSLOC_with_revisions,drill,modified at least once
0.29,0,yes,avgSLOC_with_revisions,DSpace,modified at least once
0.38,1.54E-157,yes,avgSLOC_with_revisions,Essentials,modified at least once
0.3,0,yes,avgSLOC_with_revisions,flink,modified at least once
0.29,2.21E-52,yes,avgSLOC_with_revisions,flyway,modified at least once
0.04,2.53E-12,yes,avgSLOC_with_revisions,guava,modified at least once
0.29,1.87E-34,yes,avgSLOC_with_revisions,hawtio,modified at least once
0.31,3.91E-54,yes,avgSLOC_with_revisions,hector,modified at least once
0.1,2.59E-141,yes,avgSLOC_with_revisions,hibernate-orm,modified at least once
0.37,6.69E-93,yes,avgSLOC_with_revisions,Hystrix,modified at least once
0.34,0,yes,avgSLOC_with_revisions,jetty.project,modified at least once
0.25,8.22E-224,yes,avgSLOC_with_revisions,logging-log4j2,modified at least once
0.23,3.53E-63,yes,avgSLOC_with_revisions,lombok,modified at least once
0.19,1.31E-141,yes,avgSLOC_with_revisions,mongo-java-driver,modified at least once
0.31,3.55E-184,yes,avgSLOC_with_revisions,mybatis-3,modified at least once
0.26,0,yes,avgSLOC_with_revisions,netty,modified at least once
0.29,0,yes,avgSLOC_with_revisions,openmrs-core,modified at least once
0.24,2.03E-50,yes,avgSLOC_with_revisions,rabbitmq-java-client,modified at least once
0.08,2.40E-19,yes,avgSLOC_with_revisions,RxJava,modified at least once
0.34,0,yes,avgSLOC_with_revisions,sonarqube,modified at least once
0.3,0,yes,avgSLOC_with_revisions,soot,modified at least once
0.17,0.0001936807536,yes,avgSLOC_with_revisions,spark,modified at least once
0.24,0,yes,avgSLOC_with_revisions,spring-framework,modified at least once
0.17,1.56E-23,yes,avgSLOC_with_revisions,swagger-core,modified at least once
0.16,1.14E-28,yes,avgSLOC_with_revisions,truth,modified at least once
0.21,1.71E-47,yes,avgSLOC_with_revisions,Twitter4J,modified at least once
0.3,4.22E-157,yes,avgSLOC_with_revisions,voldemort,modified at least once
0.36,2.13E-87,yes,avgSLOC_with_revisions,vraptor4,modified at least once
0.29,0,yes,avgSLOC_with_revisions,wildfly,modified at least once
0.27,2.16E-293,yes,avgSLOC_with_revisions,ant,modified at least once
0.26,8.26E-251,yes,avgSLOC_with_revisions,checkstyle,modified at least once
0.12,1.62E-15,yes,avgSLOC_with_revisions,commons-io,modified at least once
0.12,1.96E-36,yes,avgSLOC_with_revisions,commons-lang,modified at least once
0.24,8.79E-103,yes,avgSLOC_with_revisions,cucumber-jvm,modified at least once
0.03,3.29E-07,yes,avgSLOC_with_revisions,docx4j,modified at least once
0.33,1.88E-114,yes,avgSLOC_with_revisions,fastjson,modified at least once
0.1,7.43E-07,yes,avgSLOC_with_revisions,gson,modified at least once
0.25,0,yes,avgSLOC_with_revisions,hibernate-search,modified at least once
0.19,7.55E-181,yes,avgSLOC_with_revisions,javaparser,modified at least once
0.29,3.09E-270,yes,avgSLOC_with_revisions,jgit,modified at least once
0.07,1.87E-07,yes,avgSLOC_with_revisions,jna,modified at least once
0.19,8.97E-40,yes,avgSLOC_with_revisions,junit4,modified at least once
0.2,1.51E-82,yes,avgSLOC_with_revisions,junit5,modified at least once
0.05,3.42E-07,yes,avgSLOC_with_revisions,mockito,modified at least once
0.21,2.70E-75,yes,avgSLOC_with_revisions,okhttp,modified at least once
0.24,0,yes,avgSLOC_with_revisions,pmd,modified at least once
0.26,0,yes,avgSLOC_with_revisions,spring-boot,modified at least once
0.37,2.55E-87,yes,avgSLOC_with_revisions,titan,modified at least once
0.09,5.84E-58,yes,avgSLOC_with_revisions,wicket,modified at least once
0.19,3.98E-36,yes,introSLOC_with_bugs,antlr4,modified at least once
-0.07,8.46E-27,yes,introSLOC_with_bugs,assertj-core,modified at least once
0.07,5.75E-06,yes,introSLOC_with_bugs,astyanax,modified at least once
0.28,1.02E-56,yes,introSLOC_with_bugs,atmosphere,modified at least once
0.16,8.55E-163,yes,introSLOC_with_bugs,drill,modified at least once
0.2,1.01E-180,yes,introSLOC_with_bugs,DSpace,modified at least once
0.36,6.41E-114,yes,introSLOC_with_bugs,Essentials,modified at least once
0.21,0,yes,introSLOC_with_bugs,flink,modified at least once
0.19,1.40E-22,yes,introSLOC_with_bugs,flyway,modified at least once
0.18,2.27E-249,yes,introSLOC_with_bugs,guava,modified at least once
0.16,1.68E-10,yes,introSLOC_with_bugs,hawtio,modified at least once
0.22,2.51E-22,yes,introSLOC_with_bugs,hector,modified at least once
0.16,0,yes,introSLOC_with_bugs,hibernate-orm,modified at least once
0.23,3.05E-32,yes,introSLOC_with_bugs,Hystrix,modified at least once
0.24,0,yes,introSLOC_with_bugs,jetty.project,modified at least once
0.11,7.05E-38,yes,introSLOC_with_bugs,logging-log4j2,modified at least once
0.1,3.13E-12,yes,introSLOC_with_bugs,lombok,modified at least once
0.11,5.28E-36,yes,introSLOC_with_bugs,mongo-java-driver,modified at least once
0.25,6.35E-106,yes,introSLOC_with_bugs,mybatis-3,modified at least once
0.23,4.02E-257,yes,introSLOC_with_bugs,netty,modified at least once
0.16,6.60E-85,yes,introSLOC_with_bugs,openmrs-core,modified at least once
-0.03,0.07447537051,no,introSLOC_with_bugs,rabbitmq-java-client,modified at least once
-0.01,0.2021607384,no,introSLOC_with_bugs,RxJava,modified at least once
0.15,1.18E-253,yes,introSLOC_with_bugs,sonarqube,modified at least once
0,0.586524016,no,introSLOC_with_bugs,soot,modified at least once
0.13,0.006470420676,yes,introSLOC_with_bugs,spark,modified at least once
0.12,1.05E-238,yes,introSLOC_with_bugs,spring-framework,modified at least once
0.2,1.09E-26,yes,introSLOC_with_bugs,swagger-core,modified at least once
0.09,4.70E-08,yes,introSLOC_with_bugs,truth,modified at least once
0.32,5.45E-84,yes,introSLOC_with_bugs,Twitter4J,modified at least once
0.13,4.67E-28,yes,introSLOC_with_bugs,voldemort,modified at least once
0.25,1.00E-35,yes,introSLOC_with_bugs,vraptor4,modified at least once
0.18,2.39E-240,yes,introSLOC_with_bugs,wildfly,modified at least once
0.13,3.04E-66,yes,introSLOC_with_bugs,ant,modified at least once
0.17,7.50E-99,yes,introSLOC_with_bugs,checkstyle,modified at least once
0.06,0.0001685598692,yes,introSLOC_with_bugs,commons-io,modified at least once
0.11,2.77E-28,yes,introSLOC_with_bugs,commons-lang,modified at least once
0.15,5.55E-32,yes,introSLOC_with_bugs,cucumber-jvm,modified at least once
0.13,7.50E-128,yes,introSLOC_with_bugs,docx4j,modified at least once
0.15,1.82E-22,yes,introSLOC_with_bugs,fastjson,modified at least once
0.08,0.000131591551,yes,introSLOC_with_bugs,gson,modified at least once
0.13,4.58E-77,yes,introSLOC_with_bugs,hibernate-search,modified at least once
0.02,0.005388290806,yes,introSLOC_with_bugs,javaparser,modified at least once
-0.08,8.42E-18,yes,introSLOC_with_bugs,jgit,modified at least once
0.15,1.62E-24,yes,introSLOC_with_bugs,jna,modified at least once
0.16,1.30E-22,yes,introSLOC_with_bugs,junit4,modified at least once
0.14,4.21E-30,yes,introSLOC_with_bugs,junit5,modified at least once
0.08,4.97E-13,yes,introSLOC_with_bugs,mockito,modified at least once
0.25,6.35E-82,yes,introSLOC_with_bugs,okhttp,modified at least once
0.18,3.88E-165,yes,introSLOC_with_bugs,pmd,modified at least once
0.11,3.58E-81,yes,introSLOC_with_bugs,spring-boot,modified at least once
0.26,7.14E-39,yes,introSLOC_with_bugs,titan,modified at least once
0.04,5.36E-11,yes,introSLOC_with_bugs,wicket,modified at least once
0.26,2.29E-78,yes,introSLOC_with_revisions,antlr4,modified at least once
0.08,6.90E-31,yes,introSLOC_with_revisions,assertj-core,modified at least once
0.13,8.07E-23,yes,introSLOC_with_revisions,astyanax,modified at least once
0.29,2.43E-61,yes,introSLOC_with_revisions,atmosphere,modified at least once
0.19,8.27E-242,yes,introSLOC_with_revisions,drill,modified at least once
0.25,4.79E-291,yes,introSLOC_with_revisions,DSpace,modified at least once
0.35,4.54E-125,yes,introSLOC_with_revisions,Essentials,modified at least once
0.27,0,yes,introSLOC_with_revisions,flink,modified at least once
0.24,2.47E-36,yes,introSLOC_with_revisions,flyway,modified at least once
0.02,1.36E-06,yes,introSLOC_with_revisions,guava,modified at least once
0.26,3.13E-27,yes,introSLOC_with_revisions,hawtio,modified at least once
0.23,1.04E-29,yes,introSLOC_with_revisions,hector,modified at least once
0.08,3.13E-100,yes,introSLOC_with_revisions,hibernate-orm,modified at least once
0.34,4.78E-76,yes,introSLOC_with_revisions,Hystrix,modified at least once
0.29,0,yes,introSLOC_with_revisions,jetty.project,modified at least once
0.22,2.05E-174,yes,introSLOC_with_revisions,logging-log4j2,modified at least once
0.19,2.09E-45,yes,introSLOC_with_revisions,lombok,modified at least once
0.15,1.59E-79,yes,introSLOC_with_revisions,mongo-java-driver,modified at least once
0.32,3.59E-192,yes,introSLOC_with_revisions,mybatis-3,modified at least once
0.22,1.44E-259,yes,introSLOC_with_revisions,netty,modified at least once
0.28,1.03E-307,yes,introSLOC_with_revisions,openmrs-core,modified at least once
0.22,1.46E-41,yes,introSLOC_with_revisions,rabbitmq-java-client,modified at least once
0.08,7.43E-20,yes,introSLOC_with_revisions,RxJava,modified at least once
0.32,0,yes,introSLOC_with_revisions,sonarqube,modified at least once
0.25,0,yes,introSLOC_with_revisions,soot,modified at least once
0.16,0.0006951616286,yes,introSLOC_with_revisions,spark,modified at least once
0.21,0,yes,introSLOC_with_revisions,spring-framework,modified at least once
0.12,5.51E-12,yes,introSLOC_with_revisions,swagger-core,modified at least once
0.13,1.52E-18,yes,introSLOC_with_revisions,truth,modified at least once
0.18,1.59E-35,yes,introSLOC_with_revisions,Twitter4J,modified at least once
0.25,2.02E-111,yes,introSLOC_with_revisions,voldemort,modified at least once
0.33,2.98E-71,yes,introSLOC_with_revisions,vraptor4,modified at least once
0.24,0,yes,introSLOC_with_revisions,wildfly,modified at least once
0.23,9.61E-225,yes,introSLOC_with_revisions,ant,modified at least once
0.26,8.51E-240,yes,introSLOC_with_revisions,checkstyle,modified at least once
0.1,3.17E-11,yes,introSLOC_with_revisions,commons-io,modified at least once
0.1,1.63E-26,yes,introSLOC_with_revisions,commons-lang,modified at least once
0.21,9.07E-73,yes,introSLOC_with_revisions,cucumber-jvm,modified at least once
0.02,0.001297099,yes,introSLOC_with_revisions,docx4j,modified at least once
0.28,3.38E-82,yes,introSLOC_with_revisions,fastjson,modified at least once
0.06,0.003771805014,yes,introSLOC_with_revisions,gson,modified at least once
0.22,1.29E-282,yes,introSLOC_with_revisions,hibernate-search,modified at least once
0.12,1.85E-64,yes,introSLOC_with_revisions,javaparser,modified at least once
0.27,7.39E-222,yes,introSLOC_with_revisions,jgit,modified at least once
0.05,5.24E-05,yes,introSLOC_with_revisions,jna,modified at least once
0.17,6.59E-30,yes,introSLOC_with_revisions,junit4,modified at least once
0.18,8.75E-66,yes,introSLOC_with_revisions,junit5,modified at least once
0.05,4.89E-06,yes,introSLOC_with_revisions,mockito,modified at least once
0.18,2.83E-54,yes,introSLOC_with_revisions,okhttp,modified at least once
0.22,1.19E-262,yes,introSLOC_with_revisions,pmd,modified at least once
0.24,0,yes,introSLOC_with_revisions,spring-boot,modified at least once
0.3,4.92E-57,yes,introSLOC_with_revisions,titan,modified at least once
0.05,1.15E-19,yes,introSLOC_with_revisions,wicket,modified at least once
0.24,1.53E-56,yes,lastSLOC_with_bugs,antlr4,modified at least once
-0.06,3.89E-20,yes,lastSLOC_with_bugs,assertj-core,modified at least once
0.07,1.57E-06,yes,lastSLOC_with_bugs,astyanax,modified at least once
0.3,2.68E-67,yes,lastSLOC_with_bugs,atmosphere,modified at least once
0.2,8.50E-231,yes,lastSLOC_with_bugs,drill,modified at least once
0.23,2.90E-232,yes,lastSLOC_with_bugs,DSpace,modified at least once
0.35,8.54E-112,yes,lastSLOC_with_bugs,Essentials,modified at least once
0.22,0,yes,lastSLOC_with_bugs,flink,modified at least once
0.21,2.28E-26,yes,lastSLOC_with_bugs,flyway,modified at least once
0.18,5.22E-242,yes,lastSLOC_with_bugs,guava,modified at least once
0.19,2.62E-14,yes,lastSLOC_with_bugs,hawtio,modified at least once
0.26,9.01E-33,yes,lastSLOC_with_bugs,hector,modified at least once
0.17,0,yes,lastSLOC_with_bugs,hibernate-orm,modified at least once
0.2,4.15E-24,yes,lastSLOC_with_bugs,Hystrix,modified at least once
0.27,0,yes,lastSLOC_with_bugs,jetty.project,modified at least once
0.12,7.82E-44,yes,lastSLOC_with_bugs,logging-log4j2,modified at least once
0.13,7.30E-18,yes,lastSLOC_with_bugs,lombok,modified at least once
0.14,6.88E-55,yes,lastSLOC_with_bugs,mongo-java-driver,modified at least once
0.25,2.39E-110,yes,lastSLOC_with_bugs,mybatis-3,modified at least once
0.24,4.77E-283,yes,lastSLOC_with_bugs,netty,modified at least once
0.18,1.55E-102,yes,lastSLOC_with_bugs,openmrs-core,modified at least once
-0.04,0.03018473701,yes,lastSLOC_with_bugs,rabbitmq-java-client,modified at least once
-0.03,0.001270367457,yes,lastSLOC_with_bugs,RxJava,modified at least once
0.16,1.18E-279,yes,lastSLOC_with_bugs,sonarqube,modified at least once
0.04,2.93E-15,yes,lastSLOC_with_bugs,soot,modified at least once
0.13,0.005664765732,yes,lastSLOC_with_bugs,spark,modified at least once
0.12,2.99E-253,yes,lastSLOC_with_bugs,spring-framework,modified at least once
0.19,4.29E-24,yes,lastSLOC_with_bugs,swagger-core,modified at least once
0.13,1.20E-14,yes,lastSLOC_with_bugs,truth,modified at least once
0.28,9.13E-64,yes,lastSLOC_with_bugs,Twitter4J,modified at least once
0.15,3.68E-38,yes,lastSLOC_with_bugs,voldemort,modified at least once
0.23,1.75E-31,yes,lastSLOC_with_bugs,vraptor4,modified at least once
0.21,0,yes,lastSLOC_with_bugs,wildfly,modified at least once
0.15,5.72E-80,yes,lastSLOC_with_bugs,ant,modified at least once
0.18,1.55E-105,yes,lastSLOC_with_bugs,checkstyle,modified at least once
0.05,0.0009330034271,yes,lastSLOC_with_bugs,commons-io,modified at least once
0.12,3.06E-32,yes,lastSLOC_with_bugs,commons-lang,modified at least once
0.18,5.23E-45,yes,lastSLOC_with_bugs,cucumber-jvm,modified at least once
0.13,2.98E-136,yes,lastSLOC_with_bugs,docx4j,modified at least once
0.16,8.06E-28,yes,lastSLOC_with_bugs,fastjson,modified at least once
0.11,1.16E-06,yes,lastSLOC_with_bugs,gson,modified at least once
0.14,7.11E-92,yes,lastSLOC_with_bugs,hibernate-search,modified at least once
0.08,1.78E-23,yes,lastSLOC_with_bugs,javaparser,modified at least once
-0.07,9.83E-18,yes,lastSLOC_with_bugs,jgit,modified at least once
0.17,6.27E-31,yes,lastSLOC_with_bugs,jna,modified at least once
0.15,7.52E-20,yes,lastSLOC_with_bugs,junit4,modified at least once
0.14,3.58E-30,yes,lastSLOC_with_bugs,junit5,modified at least once
0.07,4.85E-10,yes,lastSLOC_with_bugs,mockito,modified at least once
0.26,6.26E-87,yes,lastSLOC_with_bugs,okhttp,modified at least once
0.18,5.77E-157,yes,lastSLOC_with_bugs,pmd,modified at least once
0.13,7.18E-113,yes,lastSLOC_with_bugs,spring-boot,modified at least once
0.27,6.47E-40,yes,lastSLOC_with_bugs,titan,modified at least once
0.07,1.73E-29,yes,lastSLOC_with_bugs,wicket,modified at least once
0.29,1.39E-97,yes,lastSLOC_with_revisions,antlr4,modified at least once
0.07,4.30E-29,yes,lastSLOC_with_revisions,assertj-core,modified at least once
0.13,2.99E-23,yes,lastSLOC_with_revisions,astyanax,modified at least once
0.34,9.30E-87,yes,lastSLOC_with_revisions,atmosphere,modified at least once
0.23,0,yes,lastSLOC_with_revisions,drill,modified at least once
0.28,0,yes,lastSLOC_with_revisions,DSpace,modified at least once
0.36,1.85E-138,yes,lastSLOC_with_revisions,Essentials,modified at least once
0.28,0,yes,lastSLOC_with_revisions,flink,modified at least once
0.26,3.08E-40,yes,lastSLOC_with_revisions,flyway,modified at least once
0.03,1.36E-07,yes,lastSLOC_with_revisions,guava,modified at least once
0.28,1.58E-31,yes,lastSLOC_with_revisions,hawtio,modified at least once
0.25,2.27E-35,yes,lastSLOC_with_revisions,hector,modified at least once
0.1,2.09E-132,yes,lastSLOC_with_revisions,hibernate-orm,modified at least once
0.29,1.83E-57,yes,lastSLOC_with_revisions,Hystrix,modified at least once
0.33,0,yes,lastSLOC_with_revisions,jetty.project,modified at least once
0.24,1.93E-202,yes,lastSLOC_with_revisions,logging-log4j2,modified at least once
0.22,1.19E-59,yes,lastSLOC_with_revisions,lombok,modified at least once
0.18,3.94E-116,yes,lastSLOC_with_revisions,mongo-java-driver,modified at least once
0.3,2.17E-171,yes,lastSLOC_with_revisions,mybatis-3,modified at least once
0.24,3.52E-291,yes,lastSLOC_with_revisions,netty,modified at least once
0.26,8.78E-272,yes,lastSLOC_with_revisions,openmrs-core,modified at least once
0.22,4.33E-44,yes,lastSLOC_with_revisions,rabbitmq-java-client,modified at least once
0.05,1.82E-09,yes,lastSLOC_with_revisions,RxJava,modified at least once
0.33,0,yes,lastSLOC_with_revisions,sonarqube,modified at least once
0.29,0,yes,lastSLOC_with_revisions,soot,modified at least once
0.14,0.001679939373,yes,lastSLOC_with_revisions,spark,modified at least once
0.23,0,yes,lastSLOC_with_revisions,spring-framework,modified at least once
0.16,1.43E-20,yes,lastSLOC_with_revisions,swagger-core,modified at least once
0.15,1.33E-24,yes,lastSLOC_with_revisions,truth,modified at least once
0.18,3.05E-35,yes,lastSLOC_with_revisions,Twitter4J,modified at least once
0.29,1.59E-150,yes,lastSLOC_with_revisions,voldemort,modified at least once
0.34,8.87E-75,yes,lastSLOC_with_revisions,vraptor4,modified at least once
0.28,0,yes,lastSLOC_with_revisions,wildfly,modified at least once
0.25,2.16E-251,yes,lastSLOC_with_revisions,ant,modified at least once
0.25,1.97E-232,yes,lastSLOC_with_revisions,checkstyle,modified at least once
0.11,3.12E-13,yes,lastSLOC_with_revisions,commons-io,modified at least once
0.1,1.65E-27,yes,lastSLOC_with_revisions,commons-lang,modified at least once
0.23,1.41E-90,yes,lastSLOC_with_revisions,cucumber-jvm,modified at least once
0.02,5.19E-06,yes,lastSLOC_with_revisions,docx4j,modified at least once
0.3,2.80E-95,yes,lastSLOC_with_revisions,fastjson,modified at least once
0.07,0.0004696242222,yes,lastSLOC_with_revisions,gson,modified at least once
0.23,0.00E-02,yes,lastSLOC_with_revisions,hibernate-search,modified at least once
0.18,1.56E-153,yes,lastSLOC_with_revisions,javaparser,modified at least once
0.28,2.51E-252,yes,lastSLOC_with_revisions,jgit,modified at least once
0.05,0.0008061160864,yes,lastSLOC_with_revisions,jna,modified at least once
0.18,2.78E-35,yes,lastSLOC_with_revisions,junit4,modified at least once
0.17,2.23E-62,yes,lastSLOC_with_revisions,junit5,modified at least once
0.03,0.00929227103,yes,lastSLOC_with_revisions,mockito,modified at least once
0.2,3.81E-65,yes,lastSLOC_with_revisions,okhttp,modified at least once
0.2,2.72E-223,yes,lastSLOC_with_revisions,pmd,modified at least once
0.25,0,yes,lastSLOC_with_revisions,spring-boot,modified at least once
0.32,1.16E-64,yes,lastSLOC_with_revisions,titan,modified at least once
0.09,1.11E-54,yes,lastSLOC_with_revisions,wicket,modified at least once
0.24,6.09E-57,yes,medianSLOC_with_bugs,antlr4,modified at least once
-0.06,3.14E-20,yes,medianSLOC_with_bugs,assertj-core,modified at least once
0.08,5.63E-08,yes,medianSLOC_with_bugs,astyanax,modified at least once
0.32,6.58E-75,yes,medianSLOC_with_bugs,atmosphere,modified at least once
0.2,3.68E-238,yes,medianSLOC_with_bugs,drill,modified at least once
0.23,4.50E-232,yes,medianSLOC_with_bugs,DSpace,modified at least once
0.36,1.82E-119,yes,medianSLOC_with_bugs,Essentials,modified at least once
0.23,0,yes,medianSLOC_with_bugs,flink,modified at least once
0.23,6.61E-33,yes,medianSLOC_with_bugs,flyway,modified at least once
0.18,2.23E-249,yes,medianSLOC_with_bugs,guava,modified at least once
0.2,3.75E-15,yes,medianSLOC_with_bugs,hawtio,modified at least once
0.26,1.24E-31,yes,medianSLOC_with_bugs,hector,modified at least once
0.17,0,yes,medianSLOC_with_bugs,hibernate-orm,modified at least once
0.26,3.33E-39,yes,medianSLOC_with_bugs,Hystrix,modified at least once
0.27,0,yes,medianSLOC_with_bugs,jetty.project,modified at least once
0.12,1.18E-45,yes,medianSLOC_with_bugs,logging-log4j2,modified at least once
0.13,2.60E-18,yes,medianSLOC_with_bugs,lombok,modified at least once
0.14,1.14E-58,yes,medianSLOC_with_bugs,mongo-java-driver,modified at least once
0.26,3.45E-118,yes,medianSLOC_with_bugs,mybatis-3,modified at least once
0.25,3.91E-306,yes,medianSLOC_with_bugs,netty,modified at least once
0.18,6.04E-106,yes,medianSLOC_with_bugs,openmrs-core,modified at least once
-0.03,0.09917664645,no,medianSLOC_with_bugs,rabbitmq-java-client,modified at least once
-0.02,0.01425017817,yes,medianSLOC_with_bugs,RxJava,modified at least once
0.16,3.08E-305,yes,medianSLOC_with_bugs,sonarqube,modified at least once
0.04,6.73E-15,yes,medianSLOC_with_bugs,soot,modified at least once
0.14,0.002684856084,yes,medianSLOC_with_bugs,spark,modified at least once
0.13,2.15E-271,yes,medianSLOC_with_bugs,spring-framework,modified at least once
0.21,1.19E-29,yes,medianSLOC_with_bugs,swagger-core,modified at least once
0.13,2.70E-15,yes,medianSLOC_with_bugs,truth,modified at least once
0.31,2.68E-80,yes,medianSLOC_with_bugs,Twitter4J,modified at least once
0.15,4.32E-39,yes,medianSLOC_with_bugs,voldemort,modified at least once
0.25,2.11E-36,yes,medianSLOC_with_bugs,vraptor4,modified at least once
0.22,0,yes,medianSLOC_with_bugs,wildfly,modified at least once
0.15,1.91E-80,yes,medianSLOC_with_bugs,ant,modified at least once
0.18,5.60E-109,yes,medianSLOC_with_bugs,checkstyle,modified at least once
0.06,9.51E-05,yes,medianSLOC_with_bugs,commons-io,modified at least once
0.13,8.82E-38,yes,medianSLOC_with_bugs,commons-lang,modified at least once
0.18,2.06E-45,yes,medianSLOC_with_bugs,cucumber-jvm,modified at least once
0.14,3.35E-138,yes,medianSLOC_with_bugs,docx4j,modified at least once
0.17,5.82E-30,yes,medianSLOC_with_bugs,fastjson,modified at least once
0.11,5.19E-07,yes,medianSLOC_with_bugs,gson,modified at least once
0.14,3.74E-96,yes,medianSLOC_with_bugs,hibernate-search,modified at least once
0.06,9.31E-18,yes,medianSLOC_with_bugs,javaparser,modified at least once
-0.07,1.29E-15,yes,medianSLOC_with_bugs,jgit,modified at least once
0.17,2.01E-32,yes,medianSLOC_with_bugs,jna,modified at least once
0.16,7.92E-22,yes,medianSLOC_with_bugs,junit4,modified at least once
0.14,6.10E-33,yes,medianSLOC_with_bugs,junit5,modified at least once
0.08,9.22E-11,yes,medianSLOC_with_bugs,mockito,modified at least once
0.27,1.12E-93,yes,medianSLOC_with_bugs,okhttp,modified at least once
0.2,6.56E-193,yes,medianSLOC_with_bugs,pmd,modified at least once
0.13,2.04E-113,yes,medianSLOC_with_bugs,spring-boot,modified at least once
0.28,3.24E-44,yes,medianSLOC_with_bugs,titan,modified at least once
0.07,1.42E-28,yes,medianSLOC_with_bugs,wicket,modified at least once
0.3,2.96E-104,yes,medianSLOC_with_revisions,antlr4,modified at least once
0.08,8.33E-32,yes,medianSLOC_with_revisions,assertj-core,modified at least once
0.15,4.69E-28,yes,medianSLOC_with_revisions,astyanax,modified at least once
0.35,8.64E-91,yes,medianSLOC_with_revisions,atmosphere,modified at least once
0.23,0,yes,medianSLOC_with_revisions,drill,modified at least once
0.28,0,yes,medianSLOC_with_revisions,DSpace,modified at least once
0.4,4.45E-164,yes,medianSLOC_with_revisions,Essentials,modified at least once
0.29,0,yes,medianSLOC_with_revisions,flink,modified at least once
0.29,8.36E-51,yes,medianSLOC_with_revisions,flyway,modified at least once
0.03,5.77E-10,yes,medianSLOC_with_revisions,guava,modified at least once
0.29,1.99E-33,yes,medianSLOC_with_revisions,hawtio,modified at least once
0.31,5.24E-52,yes,medianSLOC_with_revisions,hector,modified at least once
0.1,4.93E-133,yes,medianSLOC_with_revisions,hibernate-orm,modified at least once
0.37,4.60E-92,yes,medianSLOC_with_revisions,Hystrix,modified at least once
0.34,0,yes,medianSLOC_with_revisions,jetty.project,modified at least once
0.24,2.46E-208,yes,medianSLOC_with_revisions,logging-log4j2,modified at least once
0.22,9.54E-60,yes,medianSLOC_with_revisions,lombok,modified at least once
0.18,1.35E-118,yes,medianSLOC_with_revisions,mongo-java-driver,modified at least once
0.31,1.35E-178,yes,medianSLOC_with_revisions,mybatis-3,modified at least once
0.25,0,yes,medianSLOC_with_revisions,netty,modified at least once
0.28,0,yes,medianSLOC_with_revisions,openmrs-core,modified at least once
0.23,1.80E-46,yes,medianSLOC_with_revisions,rabbitmq-java-client,modified at least once
0.07,1.01E-14,yes,medianSLOC_with_revisions,RxJava,modified at least once
0.34,0,yes,medianSLOC_with_revisions,sonarqube,modified at least once
0.3,0,yes,medianSLOC_with_revisions,soot,modified at least once
0.16,0.0003512539547,yes,medianSLOC_with_revisions,spark,modified at least once
0.23,0,yes,medianSLOC_with_revisions,spring-framework,modified at least once
0.16,2.45E-22,yes,medianSLOC_with_revisions,swagger-core,modified at least once
0.15,3.44E-26,yes,medianSLOC_with_revisions,truth,modified at least once
0.2,2.70E-41,yes,medianSLOC_with_revisions,Twitter4J,modified at least once
0.29,1.87E-151,yes,medianSLOC_with_revisions,voldemort,modified at least once
0.35,1.40E-80,yes,medianSLOC_with_revisions,vraptor4,modified at least once
0.28,0,yes,medianSLOC_with_revisions,wildfly,modified at least once
0.26,2.71E-275,yes,medianSLOC_with_revisions,ant,modified at least once
0.26,2.15E-244,yes,medianSLOC_with_revisions,checkstyle,modified at least once
0.12,5.58E-15,yes,medianSLOC_with_revisions,commons-io,modified at least once
0.11,1.43E-31,yes,medianSLOC_with_revisions,commons-lang,modified at least once
0.24,1.18E-96,yes,medianSLOC_with_revisions,cucumber-jvm,modified at least once
0.03,1.71E-06,yes,medianSLOC_with_revisions,docx4j,modified at least once
0.32,7.21E-110,yes,medianSLOC_with_revisions,fastjson,modified at least once
0.1,2.87E-06,yes,medianSLOC_with_revisions,gson,modified at least once
0.24,0,yes,medianSLOC_with_revisions,hibernate-search,modified at least once
0.18,5.88E-155,yes,medianSLOC_with_revisions,javaparser,modified at least once
0.29,4.27E-264,yes,medianSLOC_with_revisions,jgit,modified at least once
0.06,2.97E-06,yes,medianSLOC_with_revisions,jna,modified at least once
0.18,9.82E-36,yes,medianSLOC_with_revisions,junit4,modified at least once
0.18,1.19E-65,yes,medianSLOC_with_revisions,junit5,modified at least once
0.04,0.0001630452561,yes,medianSLOC_with_revisions,mockito,modified at least once
0.21,2.00E-75,yes,medianSLOC_with_revisions,okhttp,modified at least once
0.21,1.45E-262,yes,medianSLOC_with_revisions,pmd,modified at least once
0.26,0,yes,medianSLOC_with_revisions,spring-boot,modified at least once
0.35,5.01E-77,yes,medianSLOC_with_revisions,titan,modified at least once
0.08,1.65E-47,yes,medianSLOC_with_revisions,wicket,modified at least once
0.39,8.09E-118,yes,stdSLOC_with_bugs,antlr4,modified at least once
0.2,6.99E-156,yes,stdSLOC_with_bugs,assertj-core,modified at least once
0.37,9.06E-128,yes,stdSLOC_with_bugs,astyanax,modified at least once
0.47,2.93E-134,yes,stdSLOC_with_bugs,atmosphere,modified at least once
0.38,0,yes,stdSLOC_with_bugs,drill,modified at least once
0.31,0,yes,stdSLOC_with_bugs,DSpace,modified at least once
0.44,1.61E-147,yes,stdSLOC_with_bugs,Essentials,modified at least once
0.41,0,yes,stdSLOC_with_bugs,flink,modified at least once
0.49,7.96E-120,yes,stdSLOC_with_bugs,flyway,modified at least once
0.09,2.09E-48,yes,stdSLOC_with_bugs,guava,modified at least once
0.43,2.78E-54,yes,stdSLOC_with_bugs,hawtio,modified at least once
0.4,2.51E-63,yes,stdSLOC_with_bugs,hector,modified at least once
0.2,0,yes,stdSLOC_with_bugs,hibernate-orm,modified at least once
0.39,4.64E-73,yes,stdSLOC_with_bugs,Hystrix,modified at least once
0.27,0,yes,stdSLOC_with_bugs,jetty.project,modified at least once
0.29,3.15E-197,yes,stdSLOC_with_bugs,logging-log4j2,modified at least once
0.36,2.34E-108,yes,stdSLOC_with_bugs,lombok,modified at least once
0.3,3.10E-223,yes,stdSLOC_with_bugs,mongo-java-driver,modified at least once
0.39,1.61E-209,yes,stdSLOC_with_bugs,mybatis-3,modified at least once
0.39,0,yes,stdSLOC_with_bugs,netty,modified at least once
0.28,1.79E-221,yes,stdSLOC_with_bugs,openmrs-core,modified at least once
0.14,2.10E-13,yes,stdSLOC_with_bugs,rabbitmq-java-client,modified at least once
0.3,5.08E-180,yes,stdSLOC_with_bugs,RxJava,modified at least once
0.24,0,yes,stdSLOC_with_bugs,sonarqube,modified at least once
0.22,0,yes,stdSLOC_with_bugs,soot,modified at least once
0.28,6.70E-08,yes,stdSLOC_with_bugs,spark,modified at least once
0.26,0,yes,stdSLOC_with_bugs,spring-framework,modified at least once
0.34,3.78E-64,yes,stdSLOC_with_bugs,swagger-core,modified at least once
0.24,2.68E-44,yes,stdSLOC_with_bugs,truth,modified at least once
0.39,6.00E-106,yes,stdSLOC_with_bugs,Twitter4J,modified at least once
0.33,9.75E-144,yes,stdSLOC_with_bugs,voldemort,modified at least once
0.35,3.16E-59,yes,stdSLOC_with_bugs,vraptor4,modified at least once
0.36,0,yes,stdSLOC_with_bugs,wildfly,modified at least once
0.2,2.59E-114,yes,stdSLOC_with_bugs,ant,modified at least once
0.29,2.30E-213,yes,stdSLOC_with_bugs,checkstyle,modified at least once
0.16,3.27E-18,yes,stdSLOC_with_bugs,commons-io,modified at least once
0.32,2.56E-169,yes,stdSLOC_with_bugs,commons-lang,modified at least once
0.34,2.23E-135,yes,stdSLOC_with_bugs,cucumber-jvm,modified at least once
0.32,0,yes,stdSLOC_with_bugs,docx4j,modified at least once
0.33,1.59E-83,yes,stdSLOC_with_bugs,fastjson,modified at least once
0.17,9.33E-12,yes,stdSLOC_with_bugs,gson,modified at least once
0.24,1.80E-219,yes,stdSLOC_with_bugs,hibernate-search,modified at least once
0.33,0,yes,stdSLOC_with_bugs,javaparser,modified at least once
0.07,9.77E-14,yes,stdSLOC_with_bugs,jgit,modified at least once
0.31,1.68E-82,yes,stdSLOC_with_bugs,jna,modified at least once
0.33,2.54E-73,yes,stdSLOC_with_bugs,junit4,modified at least once
0.25,3.38E-85,yes,stdSLOC_with_bugs,junit5,modified at least once
0.37,2.24E-180,yes,stdSLOC_with_bugs,mockito,modified at least once
0.41,1.20E-177,yes,stdSLOC_with_bugs,okhttp,modified at least once
0.43,0,yes,stdSLOC_with_bugs,pmd,modified at least once
0.28,0,yes,stdSLOC_with_bugs,spring-boot,modified at least once
0.32,7.42E-52,yes,stdSLOC_with_bugs,titan,modified at least once
0.31,0,yes,stdSLOC_with_bugs,wicket,modified at least once
0.53,7.14E-253,yes,stdSLOC_with_revisions,antlr4,modified at least once
0.34,0,yes,stdSLOC_with_revisions,assertj-core,modified at least once
0.52,5.41E-280,yes,stdSLOC_with_revisions,astyanax,modified at least once
0.6,6.15E-225,yes,stdSLOC_with_revisions,atmosphere,modified at least once
0.55,0,yes,stdSLOC_with_revisions,drill,modified at least once
0.53,0,yes,stdSLOC_with_revisions,DSpace,modified at least once
0.63,0,yes,stdSLOC_with_revisions,Essentials,modified at least once
0.52,0,yes,stdSLOC_with_revisions,flink,modified at least once
0.58,1.07E-167,yes,stdSLOC_with_revisions,flyway,modified at least once
0.39,0,yes,stdSLOC_with_revisions,guava,modified at least once
0.53,1.12E-88,yes,stdSLOC_with_revisions,hawtio,modified at least once
0.58,1.79E-151,yes,stdSLOC_with_revisions,hector,modified at least once
0.29,0,yes,stdSLOC_with_revisions,hibernate-orm,modified at least once
0.61,3.02E-211,yes,stdSLOC_with_revisions,Hystrix,modified at least once
0.57,0,yes,stdSLOC_with_revisions,jetty.project,modified at least once
0.43,0,yes,stdSLOC_with_revisions,logging-log4j2,modified at least once
0.47,1.39E-211,yes,stdSLOC_with_revisions,lombok,modified at least once
0.48,0,yes,stdSLOC_with_revisions,mongo-java-driver,modified at least once
0.42,2.49E-259,yes,stdSLOC_with_revisions,mybatis-3,modified at least once
0.53,0,yes,stdSLOC_with_revisions,netty,modified at least once
0.46,0,yes,stdSLOC_with_revisions,openmrs-core,modified at least once
0.52,2.64E-187,yes,stdSLOC_with_revisions,rabbitmq-java-client,modified at least once
0.38,0,yes,stdSLOC_with_revisions,RxJava,modified at least once
0.52,0,yes,stdSLOC_with_revisions,sonarqube,modified at least once
0.5,0,yes,stdSLOC_with_revisions,soot,modified at least once
0.41,1.10E-16,yes,stdSLOC_with_revisions,spark,modified at least once
0.46,0,yes,stdSLOC_with_revisions,spring-framework,modified at least once
0.45,7.56E-137,yes,stdSLOC_with_revisions,swagger-core,modified at least once
0.42,3.46E-154,yes,stdSLOC_with_revisions,truth,modified at least once
0.49,1.57E-206,yes,stdSLOC_with_revisions,Twitter4J,modified at least once
0.62,0,yes,stdSLOC_with_revisions,voldemort,modified at least once
0.58,3.83E-185,yes,stdSLOC_with_revisions,vraptor4,modified at least once
0.57,0,yes,stdSLOC_with_revisions,wildfly,modified at least once
0.48,0,yes,stdSLOC_with_revisions,ant,modified at least once
0.4,0,yes,stdSLOC_with_revisions,checkstyle,modified at least once
0.42,2.56E-125,yes,stdSLOC_with_revisions,commons-io,modified at least once
0.39,4.73E-298,yes,stdSLOC_with_revisions,commons-lang,modified at least once
0.5,0,yes,stdSLOC_with_revisions,cucumber-jvm,modified at least once
0.24,0,yes,stdSLOC_with_revisions,docx4j,modified at least once
0.61,2.80E-305,yes,stdSLOC_with_revisions,fastjson,modified at least once
0.49,4.76E-95,yes,stdSLOC_with_revisions,gson,modified at least once
0.46,0,yes,stdSLOC_with_revisions,hibernate-search,modified at least once
0.43,0,yes,stdSLOC_with_revisions,javaparser,modified at least once
0.54,0,yes,stdSLOC_with_revisions,jgit,modified at least once
0.43,1.40E-171,yes,stdSLOC_with_revisions,jna,modified at least once
0.4,8.80E-131,yes,stdSLOC_with_revisions,junit4,modified at least once
0.4,4.84E-280,yes,stdSLOC_with_revisions,junit5,modified at least once
0.5,0,yes,stdSLOC_with_revisions,mockito,modified at least once
0.52,0,yes,stdSLOC_with_revisions,okhttp,modified at least once
0.51,0,yes,stdSLOC_with_revisions,pmd,modified at least once
0.43,0,yes,stdSLOC_with_revisions,spring-boot,modified at least once
0.53,5.54E-155,yes,stdSLOC_with_revisions,titan,modified at least once
0.39,0,yes,stdSLOC_with_revisions,wicket,modified at least once
0.08,3.54E-11,yes,versionedSLOC_with_bugs,antlr4,modified at least once
0.05,1.35E-08,yes,versionedSLOC_with_bugs,assertj-core,modified at least once
-0.06,6.96E-07,yes,versionedSLOC_with_bugs,astyanax,modified at least once
0.04,0.003361900251,yes,versionedSLOC_with_bugs,atmosphere,modified at least once
0.06,4.24E-28,yes,versionedSLOC_with_bugs,drill,modified at least once
0.02,0.001941984196,yes,versionedSLOC_with_bugs,DSpace,modified at least once
0.16,2.69E-38,yes,versionedSLOC_with_bugs,Essentials,modified at least once
0.08,4.99E-67,yes,versionedSLOC_with_bugs,flink,modified at least once
-0.02,0.3230433711,no,versionedSLOC_with_bugs,flyway,modified at least once
0.11,2.30E-80,yes,versionedSLOC_with_bugs,guava,modified at least once
0.01,0.8136356375,no,versionedSLOC_with_bugs,hawtio,modified at least once
0.14,1.82E-14,yes,versionedSLOC_with_bugs,hector,modified at least once
0.12,5.52E-182,yes,versionedSLOC_with_bugs,hibernate-orm,modified at least once
0.11,4.98E-13,yes,versionedSLOC_with_bugs,Hystrix,modified at least once
0.09,3.26E-60,yes,versionedSLOC_with_bugs,jetty.project,modified at least once
0.06,8.44E-17,yes,versionedSLOC_with_bugs,logging-log4j2,modified at least once
0.04,0.0008644898037,yes,versionedSLOC_with_bugs,lombok,modified at least once
0.02,0.001163250156,yes,versionedSLOC_with_bugs,mongo-java-driver,modified at least once
0.18,4.20E-37,yes,versionedSLOC_with_bugs,mybatis-3,modified at least once
0.1,1.19E-56,yes,versionedSLOC_with_bugs,netty,modified at least once
0.08,4.61E-29,yes,versionedSLOC_with_bugs,openmrs-core,modified at least once
-0.07,4.31E-05,yes,versionedSLOC_with_bugs,rabbitmq-java-client,modified at least once
-0.06,3.33E-11,yes,versionedSLOC_with_bugs,RxJava,modified at least once
0.06,2.21E-54,yes,versionedSLOC_with_bugs,sonarqube,modified at least once
0.2,5.13E-168,yes,versionedSLOC_with_bugs,soot,modified at least once
-0.01,0.8188510354,no,versionedSLOC_with_bugs,spark,modified at least once
0.07,7.66E-71,yes,versionedSLOC_with_bugs,spring-framework,modified at least once
0.1,1.40E-13,yes,versionedSLOC_with_bugs,swagger-core,modified at least once
0.02,0.1943580845,no,versionedSLOC_with_bugs,truth,modified at least once
0.12,1.22E-18,yes,versionedSLOC_with_bugs,Twitter4J,modified at least once
-0.03,0.001110191766,yes,versionedSLOC_with_bugs,voldemort,modified at least once
0.12,5.83E-14,yes,versionedSLOC_with_bugs,vraptor4,modified at least once
0.08,4.01E-74,yes,versionedSLOC_with_bugs,wildfly,modified at least once
0.11,3.78E-47,yes,versionedSLOC_with_bugs,ant,modified at least once
0.13,4.58E-56,yes,versionedSLOC_with_bugs,checkstyle,modified at least once
0,0.9144872895,no,versionedSLOC_with_bugs,commons-io,modified at least once
0.1,6.54E-19,yes,versionedSLOC_with_bugs,commons-lang,modified at least once
0.04,0.001945972113,yes,versionedSLOC_with_bugs,cucumber-jvm,modified at least once
0.15,9.88E-93,yes,versionedSLOC_with_bugs,docx4j,modified at least once
0.06,2.20E-05,yes,versionedSLOC_with_bugs,fastjson,modified at least once
0.04,0.06728464084,no,versionedSLOC_with_bugs,gson,modified at least once
0.09,5.03E-54,yes,versionedSLOC_with_bugs,hibernate-search,modified at least once
0.08,1.70E-35,yes,versionedSLOC_with_bugs,javaparser,modified at least once
0.03,0.00330332825,yes,versionedSLOC_with_bugs,jgit,modified at least once
0.1,1.03E-11,yes,versionedSLOC_with_bugs,jna,modified at least once
0.1,8.03E-11,yes,versionedSLOC_with_bugs,junit4,modified at least once
0.07,5.41E-14,yes,versionedSLOC_with_bugs,junit5,modified at least once
0.04,0.002321798954,yes,versionedSLOC_with_bugs,mockito,modified at least once
0.11,4.75E-25,yes,versionedSLOC_with_bugs,okhttp,modified at least once
0.11,2.52E-70,yes,versionedSLOC_with_bugs,pmd,modified at least once
0.04,2.21E-13,yes,versionedSLOC_with_bugs,spring-boot,modified at least once
0.04,0.003935807171,yes,versionedSLOC_with_bugs,titan,modified at least once
0,0.8453559085,no,versionedSLOC_with_bugs,wicket,modified at least once
0.04,0.0003708539067,yes,versionedSLOC_with_revisions,antlr4,modified at least once
0.02,0.002272386591,yes,versionedSLOC_with_revisions,assertj-core,modified at least once
-0.13,3.18E-28,yes,versionedSLOC_with_revisions,astyanax,modified at least once
0.04,0.001660802317,yes,versionedSLOC_with_revisions,atmosphere,modified at least once
0.03,9.07E-10,yes,versionedSLOC_with_revisions,drill,modified at least once
0.02,0.001189692679,yes,versionedSLOC_with_revisions,DSpace,modified at least once
0.15,6.81E-38,yes,versionedSLOC_with_revisions,Essentials,modified at least once
0.07,2.82E-54,yes,versionedSLOC_with_revisions,flink,modified at least once
0,0.9730048965,no,versionedSLOC_with_revisions,flyway,modified at least once
-0.03,2.62E-09,yes,versionedSLOC_with_revisions,guava,modified at least once
0.09,0.000119379895,yes,versionedSLOC_with_revisions,hawtio,modified at least once
0.1,2.27E-09,yes,versionedSLOC_with_revisions,hector,modified at least once
0.05,1.43E-43,yes,versionedSLOC_with_revisions,hibernate-orm,modified at least once
0.07,1.75E-07,yes,versionedSLOC_with_revisions,Hystrix,modified at least once
0.09,6.03E-57,yes,versionedSLOC_with_revisions,jetty.project,modified at least once
0.09,1.40E-39,yes,versionedSLOC_with_revisions,logging-log4j2,modified at least once
0,0.7356570302,no,versionedSLOC_with_revisions,lombok,modified at least once
-0.04,2.32E-11,yes,versionedSLOC_with_revisions,mongo-java-driver,modified at least once
0.1,1.57E-13,yes,versionedSLOC_with_revisions,mybatis-3,modified at least once
0.06,1.04E-27,yes,versionedSLOC_with_revisions,netty,modified at least once
0.01,0.209322657,no,versionedSLOC_with_revisions,openmrs-core,modified at least once
0.02,0.2080410994,no,versionedSLOC_with_revisions,rabbitmq-java-client,modified at least once
0.03,4.78E-05,yes,versionedSLOC_with_revisions,RxJava,modified at least once
0.09,2.32E-133,yes,versionedSLOC_with_revisions,sonarqube,modified at least once
0.11,2.09E-55,yes,versionedSLOC_with_revisions,soot,modified at least once
0.05,0.1670061293,no,versionedSLOC_with_revisions,spark,modified at least once
0.01,3.00E-05,yes,versionedSLOC_with_revisions,spring-framework,modified at least once
-0.15,1.60E-30,yes,versionedSLOC_with_revisions,swagger-core,modified at least once
-0.1,5.20E-14,yes,versionedSLOC_with_revisions,truth,modified at least once
-0.03,0.01683852192,yes,versionedSLOC_with_revisions,Twitter4J,modified at least once
-0.02,0.007963438321,yes,versionedSLOC_with_revisions,voldemort,modified at least once
0.17,5.20E-28,yes,versionedSLOC_with_revisions,vraptor4,modified at least once
0.05,1.12E-31,yes,versionedSLOC_with_revisions,wildfly,modified at least once
0.1,1.59E-37,yes,versionedSLOC_with_revisions,ant,modified at least once
0.11,3.41E-46,yes,versionedSLOC_with_revisions,checkstyle,modified at least once
0.02,0.2751215176,no,versionedSLOC_with_revisions,commons-io,modified at least once
0.01,0.1493320928,no,versionedSLOC_with_revisions,commons-lang,modified at least once
0.05,9.40E-06,yes,versionedSLOC_with_revisions,cucumber-jvm,modified at least once
0.08,1.08E-27,yes,versionedSLOC_with_revisions,docx4j,modified at least once
0.12,5.78E-17,yes,versionedSLOC_with_revisions,fastjson,modified at least once
0.03,0.158790865,no,versionedSLOC_with_revisions,gson,modified at least once
0.04,2.16E-13,yes,versionedSLOC_with_revisions,hibernate-search,modified at least once
-0.01,0.09668866834,no,versionedSLOC_with_revisions,javaparser,modified at least once
0.12,5.12E-33,yes,versionedSLOC_with_revisions,jgit,modified at least once
-0.09,1.85E-10,yes,versionedSLOC_with_revisions,jna,modified at least once
0.03,0.02167995263,yes,versionedSLOC_with_revisions,junit4,modified at least once
0,0.9936589096,no,versionedSLOC_with_revisions,junit5,modified at least once
-0.05,5.47E-05,yes,versionedSLOC_with_revisions,mockito,modified at least once
0.02,0.01384838815,yes,versionedSLOC_with_revisions,okhttp,modified at least once
0.02,0.002643898349,yes,versionedSLOC_with_revisions,pmd,modified at least once
0.02,1.58E-06,yes,versionedSLOC_with_revisions,spring-boot,modified at least once
0.05,0.000103666922,yes,versionedSLOC_with_revisions,titan,modified at least once
-0.05,1.17E-22,yes,versionedSLOC_with_revisions,wicket,modified at least once